"Hex_tag_ID","Duwamish People's Park","Lower Green Barge 1","Lower Green Barge 2","Lower Russel Backwater","Porter Side Channel","WDFW TBiOS Opposite Slip 4","WDFW TBiOS Slip 4"
"003.374078D165",2024-06-08 20:29:00,2024-06-08 20:29:00,NA,NA,NA,NA,NA
"3D6.1533D3505C",NA,NA,2024-05-19 14:28:09,NA,NA,NA,NA
"3D6.1533D35080",NA,NA,2024-05-30 09:28:25,NA,NA,NA,NA
"3D6.1533F83FD0",NA,NA,NA,NA,2024-04-13 03:47:57,NA,NA
"3D6.1533F841A7",NA,2024-06-06 00:11:51,NA,2024-06-06 00:11:51,NA,NA,NA
"3D6.1533F841D3",2024-05-25 20:46:27,2024-05-25 20:46:27,NA,NA,NA,NA,NA
"3D6.1533F841D7",NA,2024-05-09 02:40:37,NA,2024-05-09 02:40:37,NA,NA,NA
"3D6.1533F841EC",NA,NA,2024-05-20 20:29:51,NA,NA,NA,NA
"3D6.1533F841F4",NA,NA,NA,NA,2024-04-02 21:36:02,NA,NA
"3D6.1533F841FD",NA,NA,NA,NA,2024-04-18 18:15:39,NA,NA
"3D6.1533F88F87",NA,2024-05-17 22:45:04,2024-05-17 22:48:32,2024-05-17 22:45:04,NA,NA,NA
"3D6.1533F88F95",NA,NA,2024-05-18 01:15:34,NA,NA,NA,NA
"3D6.153468E47A",NA,NA,NA,NA,2024-04-08 13:36:24,NA,NA
"3D6.153468EE5E",NA,2024-05-17 21:58:32,NA,2024-05-17 21:58:32,NA,NA,NA
"3D6.15346985BD",NA,2024-06-03 22:01:41,NA,2024-06-03 22:01:41,NA,NA,NA
"3D6.15346985D2",NA,NA,2024-05-23 00:29:01,NA,NA,NA,NA
"3D6.15346985E6",NA,NA,NA,NA,2024-03-29 13:41:39,NA,NA
"3D6.1534698606",NA,NA,NA,NA,2024-03-28 13:57:33,NA,NA
"3D6.1534698619",NA,NA,NA,NA,2024-04-03 05:19:37,NA,NA
"3D6.1534698626",NA,2024-03-29 05:23:32,NA,2024-03-29 05:23:32,NA,NA,NA
"3D6.153469862B",NA,2024-05-19 22:37:51,NA,2024-05-19 22:37:51,NA,NA,NA
"3D6.1534698637",NA,NA,NA,NA,2024-03-28 17:58:52,NA,NA
"3D6.1534698A53",NA,2024-05-31 02:29:29,NA,2024-05-31 02:29:29,NA,NA,NA
"3D6.1534698A69",NA,NA,2024-05-18 22:02:29,NA,NA,NA,NA
"3D6.15346999F0",NA,2024-05-10 03:31:21,NA,2024-05-10 03:31:21,NA,NA,NA
"3D6.1534699A10",NA,NA,2024-04-29 18:57:39,NA,NA,NA,NA
"3D6.1534699A35",NA,NA,2024-05-21 21:54:31,NA,NA,NA,NA
"3D6.1534699A7B",NA,NA,2024-04-29 17:13:48,NA,NA,NA,NA
"3D6.1534699A84",NA,2024-05-23 21:20:28,NA,2024-05-23 21:20:28,NA,NA,NA
"3D6.1534699A90",NA,NA,NA,NA,2024-05-29 13:44:03,NA,NA
"3D6.1534699AAB",NA,NA,2024-04-02 09:40:43,NA,NA,NA,NA
"3D6.1534699CE7",NA,2024-05-23 22:58:41,NA,2024-05-23 22:58:41,NA,NA,NA
"3D6.1534699CF1",NA,NA,2024-05-20 08:19:26,NA,NA,NA,NA
"3D6.1534699CFE",NA,NA,2024-05-12 23:18:10,NA,NA,NA,NA
"3D6.1534699D18",NA,2024-05-17 19:08:29,NA,2024-05-17 19:08:29,NA,NA,NA
"3D6.1534699D23",NA,2024-05-18 22:37:30,NA,2024-05-18 22:37:30,NA,NA,NA
"3D6.153469A1EC",NA,2024-05-18 01:57:19,NA,2024-05-18 01:57:19,NA,NA,NA
"3D6.153469A239",NA,2024-05-30 15:26:18,NA,2024-05-30 15:26:18,NA,NA,NA
"3D6.153469A254",NA,NA,NA,NA,2024-03-31 12:52:01,NA,NA
"3D6.153469A279",NA,NA,NA,NA,2024-04-05 16:36:07,NA,NA
"3D6.153469A28C",2024-05-16 02:31:46,2024-05-16 02:31:46,NA,NA,NA,NA,NA
"3D6.153469A45D",NA,NA,NA,NA,2024-03-27 12:38:32,NA,NA
"3D6.153469A46C",NA,2024-06-12 20:40:28,NA,2024-06-12 20:40:28,NA,NA,NA
"3D6.153469A48B",NA,2024-05-16 21:24:18,NA,2024-05-16 21:24:18,NA,NA,NA
"3D6.153469A48D",NA,2024-05-24 05:40:32,NA,2024-05-24 05:40:32,NA,NA,NA
"3D6.153469A4B3",NA,NA,2024-06-01 04:54:50,NA,NA,NA,NA
"3D6.153469A4E0",NA,2024-06-07 17:08:21,NA,2024-06-07 17:08:21,NA,NA,NA
"3D6.153469A4FE",NA,2024-05-16 21:39:55,NA,2024-05-16 21:39:55,NA,NA,NA
"3D6.15346A2D64",2024-04-19 05:48:00,2024-04-19 05:48:00,2024-04-16 21:37:23,NA,NA,NA,NA
"3D6.15346A2D6E",2024-04-27 21:43:53,2024-04-27 21:43:53,NA,NA,NA,NA,NA
"3D6.15346A2D71",NA,NA,2024-04-16 21:00:48,NA,NA,NA,NA
"3D6.15346A2D79",NA,NA,2024-04-16 21:23:23,NA,NA,NA,NA
"3D6.15346A2D7A",NA,NA,2024-04-16 21:06:32,NA,NA,NA,NA
"3D6.15346A2D7B",NA,NA,2024-04-16 21:14:59,NA,NA,NA,NA
"3D6.15346A2D7C",NA,2024-04-16 21:11:48,NA,2024-04-16 21:11:48,NA,NA,NA
"3D6.15346A2D81",NA,NA,2024-04-16 20:56:24,NA,NA,NA,NA
"3D6.15346A2D8E",NA,NA,2024-04-16 21:03:04,NA,NA,NA,NA
"3D6.15346A2D94",NA,NA,2024-04-16 20:51:10,NA,NA,NA,NA
"3D6.15346A2D9B",NA,2024-04-16 21:29:29,NA,2024-04-16 21:29:29,NA,NA,NA
"3D6.15346A2DA3",NA,NA,2024-04-16 20:48:53,NA,NA,NA,NA
"3D6.15346A2DA8",NA,NA,2024-04-16 21:40:11,NA,NA,NA,NA
"3D6.15346A2DAC",NA,NA,2024-04-16 22:31:06,NA,NA,NA,NA
"3D6.15346A2DAD",NA,NA,2024-04-16 20:48:39,NA,NA,NA,NA
"3D6.15346A2DAE",NA,NA,2024-04-16 21:07:26,NA,NA,NA,NA
"3D6.15346A2DD6",NA,NA,2024-04-16 20:52:11,NA,NA,NA,NA
"3D6.15346A2DD9",NA,NA,2024-04-16 21:33:10,NA,NA,NA,NA
"3D6.15346A2DDB",NA,2024-04-16 21:05:47,NA,2024-04-16 21:05:47,NA,NA,NA
"3D6.15346A2DE3",NA,NA,2024-04-16 21:09:41,NA,NA,NA,NA
"3D6.15346A2DE9",NA,2024-04-16 21:25:43,NA,2024-04-16 21:25:43,NA,NA,NA
"3D6.15346A2DEF",NA,2024-04-16 21:20:07,NA,2024-04-16 21:20:07,NA,NA,NA
"3D6.15346A2DF4",NA,2024-04-16 21:17:40,NA,2024-04-16 21:17:40,NA,NA,NA
"3D6.15346A2E09",NA,2024-04-16 21:10:22,NA,2024-04-16 21:10:22,NA,NA,NA
"3D6.15346A2E0B",NA,NA,2024-04-16 20:48:17,NA,NA,NA,NA
"3D6.15346A2E0C",NA,NA,2024-04-16 21:46:31,NA,NA,NA,NA
"3D6.15346A2E0F",NA,2024-04-16 21:01:34,NA,2024-04-16 21:01:34,NA,NA,NA
"3D6.15346A2E13",NA,NA,2024-04-17 06:27:00,NA,NA,NA,NA
"3D6.15346A2E1D",NA,NA,2024-04-16 21:09:04,NA,NA,NA,NA
"3D6.15346A2E22",NA,2024-04-16 20:53:59,NA,2024-04-16 20:53:59,NA,NA,NA
"3D6.15346A2ED6",NA,NA,2024-06-11 03:11:57,NA,NA,NA,NA
"3D6.15346A2F28",NA,NA,NA,NA,2024-06-08 01:15:03,NA,NA
"3D6.15346A2F61",NA,2024-05-02 21:42:57,NA,2024-05-02 21:42:57,NA,NA,NA
"3D6.15346A2F64",NA,2024-05-02 22:18:51,2024-05-02 22:21:47,2024-05-02 22:18:51,NA,NA,NA
"3D6.15346A2F6C",NA,2024-05-19 22:21:02,NA,2024-05-19 22:21:02,NA,NA,NA
"3D6.15346A2F75",NA,2024-05-30 21:54:28,NA,2024-05-30 21:54:28,NA,NA,NA
"3D6.15346A2F7D",NA,2024-05-07 22:10:35,NA,2024-05-07 22:10:35,NA,NA,NA
"3D6.15346A2F8D",NA,NA,2024-05-24 04:59:34,NA,NA,NA,NA
"3D6.15346A2FB2",NA,2024-05-20 21:51:27,2024-05-20 21:55:11,2024-05-20 21:51:27,NA,NA,NA
"3D6.15346A2FCD",NA,NA,2024-05-22 04:35:27,NA,NA,NA,NA
"3D6.15346A2FF0",NA,NA,2024-05-20 21:16:46,NA,NA,NA,NA
"3D6.15346A3000",NA,NA,NA,NA,2024-06-04 10:36:05,NA,NA
"3D6.15346A300F",NA,2024-05-02 18:31:24,NA,2024-05-02 18:31:24,NA,NA,NA
"3D6.15346A3010",NA,2024-05-22 22:22:35,NA,2024-05-22 22:22:35,NA,NA,NA
"3D6.15346A301D",NA,NA,2024-05-02 17:59:53,NA,NA,NA,NA
"3D6.15346A3033",NA,NA,2024-04-17 16:14:31,NA,NA,NA,NA
"3D6.15346A303C",NA,NA,2024-04-17 20:08:04,NA,NA,NA,NA
"3D6.15346A3040",NA,NA,2024-04-17 13:18:59,NA,NA,NA,NA
"3D6.15346A304B",NA,NA,2024-04-17 21:02:35,NA,NA,NA,NA
"3D6.15346A3055",NA,NA,2024-04-17 16:26:15,NA,NA,NA,NA
"3D6.15346A3077",NA,NA,2024-04-17 15:15:39,NA,NA,NA,NA
"3D6.15346A307F",NA,NA,NA,NA,NA,2024-05-07 12:00:00,NA
"3D6.15346A30E2",NA,NA,2024-06-08 23:16:41,NA,NA,NA,NA
"3D6.15346A3157",NA,2024-04-16 21:02:11,2024-04-16 21:05:33,2024-04-16 21:02:11,NA,NA,NA
"3D6.15346A317B",NA,2024-04-16 20:55:26,NA,2024-04-16 20:55:26,NA,NA,NA
"3D6.15346A318C",NA,2024-04-16 23:19:34,NA,2024-04-16 23:19:34,NA,NA,NA
"3D6.15346A318D",NA,2024-04-16 20:50:02,NA,2024-04-16 20:50:02,NA,NA,NA
"3D6.15346A3199",NA,2024-04-16 21:13:49,NA,2024-04-16 21:13:49,NA,NA,NA
"3D6.15346A319F",NA,2024-04-16 20:49:23,NA,2024-04-16 20:49:23,NA,NA,NA
"3D6.15346A31B0",NA,2024-04-16 21:15:35,NA,2024-04-16 21:15:35,NA,NA,NA
"3D6.15346A31B4",2024-04-25 22:52:37,2024-04-16 20:45:58,NA,2024-04-16 20:45:58,NA,NA,NA
"3D6.15346A31B7",NA,2024-05-07 01:53:11,NA,2024-05-07 01:53:11,NA,NA,NA
"3D6.15346A31F0",NA,2024-05-07 23:15:37,NA,2024-05-07 23:15:37,NA,NA,NA
"3D6.15346A31F6",NA,NA,2024-06-05 21:19:09,NA,NA,NA,NA
"3D6.15346A31F9",NA,2024-05-03 03:11:43,NA,2024-05-03 03:11:43,NA,NA,NA
"3D6.15346A31FC",NA,NA,2024-05-07 04:24:43,NA,NA,NA,NA
"3D6.15346A3207",NA,2024-05-20 09:43:45,NA,2024-05-20 09:43:45,NA,NA,NA
"3D6.15346A320B",NA,2024-06-03 00:03:48,NA,2024-06-03 00:03:48,NA,NA,NA
"3D6.15346A322C",NA,NA,2024-04-17 18:07:36,NA,NA,NA,2024-05-02 12:00:00
"3D6.15346A3231",NA,NA,2024-04-17 15:27:05,NA,NA,NA,NA
"3D6.15346A323E",NA,NA,2024-04-17 22:56:01,NA,NA,NA,NA
"3D6.15346A3260",NA,NA,2024-04-17 16:47:20,NA,NA,NA,NA
"3D6.15346A3263",NA,NA,NA,NA,2024-04-16 21:25:27,NA,NA
"3D6.15346A326F",NA,NA,2024-04-23 17:43:46,NA,NA,NA,NA
"3D6.15346A330D",2024-05-24 04:30:34,2024-05-24 04:30:34,NA,NA,NA,NA,NA
"3D6.15346A335C",NA,2024-05-22 02:08:59,NA,2024-05-22 02:08:59,NA,NA,NA
"3D6.15346A3364",NA,2024-05-09 21:06:46,NA,2024-05-09 21:06:46,NA,NA,NA
"3D6.15346A336E",NA,2024-05-18 01:50:18,NA,2024-05-18 01:50:18,NA,NA,NA
"3D6.15346A3379",NA,2024-05-23 00:18:41,NA,2024-05-23 00:18:41,NA,NA,NA
"3D6.15346A3386",NA,NA,NA,NA,2024-06-06 10:00:50,NA,NA
"3D6.15346A3393",2024-05-24 19:39:34,2024-05-24 19:39:34,NA,NA,NA,NA,NA
"3D6.15346A3397",NA,2024-05-18 08:24:02,NA,2024-05-18 08:24:02,NA,NA,NA
"3D6.15346A33A3",NA,NA,2024-05-17 22:50:06,NA,NA,NA,NA
"3D6.15346A33B9",NA,2024-05-01 21:37:18,2024-05-01 21:40:08,2024-05-01 21:37:18,NA,NA,NA
"3D6.15346A33E1",NA,2024-06-10 03:24:24,NA,2024-06-10 03:24:24,NA,NA,NA
"3D6.15346A341C",NA,NA,NA,2024-04-17 11:35:59,NA,NA,NA
"3D6.15346A342F",NA,NA,2024-06-09 00:04:31,NA,NA,NA,NA
"3D6.15346A3432",NA,NA,2024-04-17 18:59:34,NA,NA,NA,NA
"3D6.15346A3448",NA,NA,2024-04-18 15:59:06,NA,NA,NA,NA
"3D6.15346A3449",NA,NA,2024-04-17 13:38:40,NA,NA,NA,NA
"3D6.15346A3451",NA,NA,NA,NA,NA,NA,2024-05-07 12:00:00
"3D6.15346A345E",NA,2024-05-22 20:56:12,NA,2024-05-22 20:56:12,NA,NA,NA
"3D6.15346A3467",NA,NA,2024-04-17 13:42:10,NA,NA,NA,NA
"3D6.15346A3469",NA,NA,2024-04-17 14:33:03,NA,NA,NA,NA
"3D6.15346A347F",2024-05-20 03:36:39,2024-05-20 03:36:39,NA,NA,NA,NA,NA
"3D6.15346A348A",NA,NA,NA,2024-06-08 15:42:08,NA,NA,NA
"3D6.15346A3497",NA,NA,2024-06-02 03:35:44,NA,NA,NA,NA
"3D6.15346A34E8",NA,2024-06-18 04:27:51,NA,2024-06-18 04:27:51,NA,NA,NA
"3D6.15346A354D",2024-05-24 19:10:08,2024-05-24 19:10:08,NA,NA,NA,NA,NA
"3D6.15346A354E",NA,NA,2024-04-16 20:49:05,NA,NA,NA,NA
"3D6.15346A3561",NA,NA,2024-04-16 23:29:26,NA,NA,NA,NA
"3D6.15346A3572",NA,2024-04-16 21:27:15,NA,2024-04-16 21:27:15,NA,NA,NA
"3D6.15346A357C",NA,2024-04-16 20:45:29,NA,2024-04-16 20:45:29,NA,NA,NA
"3D6.15346A3582",NA,2024-04-16 21:32:25,NA,2024-04-16 21:32:25,NA,NA,NA
"3D6.15346A3583",NA,NA,2024-04-16 20:58:32,NA,NA,NA,NA
"3D6.15346A3590",NA,2024-04-16 21:09:49,NA,2024-04-16 21:09:49,NA,NA,NA
"3D6.15346A3593",NA,2024-04-16 21:09:00,NA,2024-04-16 21:09:00,NA,NA,NA
"3D6.15346A3594",NA,NA,2024-04-16 21:19:54,NA,NA,NA,NA
"3D6.15346A359D",NA,2024-04-16 20:45:45,NA,2024-04-16 20:45:45,NA,NA,2024-05-01 12:00:00
"3D6.15346A35A9",NA,2024-04-16 20:53:20,NA,2024-04-16 20:53:20,NA,NA,NA
"3D6.15346A35AB",NA,NA,2024-04-16 21:05:18,NA,NA,NA,NA
"3D6.15346A35AF",NA,2024-04-16 21:19:47,NA,2024-04-16 21:19:47,NA,NA,NA
"3D6.15346A35E4",NA,2024-05-07 05:27:51,NA,2024-05-07 05:27:51,NA,NA,NA
"3D6.15346A3634",NA,NA,2024-05-22 14:24:25,NA,NA,NA,NA
"3D6.15346A363D",NA,NA,2024-05-07 23:57:02,NA,NA,NA,NA
"3D6.15346A3640",NA,NA,2024-05-19 17:35:34,NA,NA,NA,NA
"3D6.15346A3645",NA,2024-05-19 21:32:49,NA,2024-05-19 21:32:49,NA,NA,NA
"3D6.15346A364C",NA,2024-05-17 21:48:12,NA,2024-05-17 21:48:12,NA,NA,NA
"3D6.15346A3653",NA,2024-05-08 23:36:18,NA,2024-05-08 23:36:18,NA,NA,NA
"3D6.15346A3661",NA,NA,2024-05-08 04:42:40,NA,NA,NA,NA
"3D6.15346A3669",NA,NA,2024-05-20 22:53:33,NA,NA,NA,NA
"3D6.15346A367B",NA,2024-05-03 01:11:37,NA,2024-05-03 01:11:37,NA,NA,NA
"3D6.15346A36A4",2024-04-20 14:48:41,2024-04-20 14:48:41,NA,NA,NA,NA,NA
"3D6.15346A36A9",NA,NA,2024-04-17 13:18:04,NA,NA,NA,NA
"3D6.15346A36B5",NA,NA,2024-05-23 00:10:33,NA,NA,NA,NA
"3D6.15346A36C7",NA,NA,NA,NA,2024-04-16 21:04:57,NA,NA
"3D6.15346A36C9",NA,NA,2024-05-15 04:07:32,NA,NA,NA,NA
"3D6.15346A36DF",2024-05-26 21:34:22,2024-05-26 21:34:22,NA,NA,NA,NA,NA
"3D6.15346A3754",NA,NA,2024-06-08 16:52:28,NA,NA,NA,NA
"3D6.15346A382C",NA,NA,2024-05-03 03:50:34,NA,NA,NA,NA
"3D6.15346A3834",NA,2024-05-23 21:31:05,2024-05-23 21:34:23,2024-05-23 21:31:05,NA,NA,NA
"3D6.15346A3859",NA,2024-05-09 01:06:41,2024-05-09 01:09:29,2024-05-09 01:06:41,NA,NA,NA
"3D6.15346A385F",NA,2024-05-29 21:29:39,NA,2024-05-29 21:29:39,NA,NA,NA
"3D6.15346A3881",NA,NA,2024-04-17 13:42:11,NA,NA,NA,NA
"3D6.15346A38B8",NA,2024-04-20 08:49:12,NA,2024-04-20 08:49:12,NA,NA,NA
"3D6.15346A38BC",NA,2024-05-19 23:33:46,2024-05-19 23:37:05,2024-05-19 23:33:46,NA,NA,NA
"3D6.15346A38C2",NA,NA,2024-04-17 14:04:32,NA,NA,NA,NA
"3D6.15346A38C6",NA,NA,2024-04-17 14:00:55,NA,NA,NA,NA
"3D6.15346A38D6",NA,NA,2024-05-25 20:21:28,NA,NA,NA,NA
"3D6.15346A393C",NA,2024-06-10 04:43:14,NA,2024-06-10 04:43:14,NA,NA,NA
"3D6.15346A3993",NA,NA,2024-06-08 18:41:13,NA,NA,NA,NA
"3D6.15346A3A10",NA,2024-04-17 16:50:53,NA,2024-04-17 16:50:53,NA,NA,NA
"3D6.15346A3A11",NA,NA,2024-04-17 15:55:24,NA,NA,NA,NA
"3D6.15346A3A12",NA,NA,NA,NA,2024-04-16 21:32:01,NA,NA
"3D6.15346A3A15",NA,NA,2024-04-17 13:24:18,NA,NA,NA,NA
"3D6.15346A3A28",2024-05-04 05:23:10,2024-05-04 05:23:10,NA,NA,NA,NA,NA
"3D6.15346A3A47",NA,NA,2024-06-08 03:02:55,NA,NA,NA,NA
"3D6.15346A3A70",NA,NA,2024-04-17 15:27:35,NA,NA,NA,NA
"3D6.15346A3A85",NA,NA,2024-04-17 14:30:15,NA,NA,NA,NA
"3D6.15346A3A96",NA,NA,NA,NA,2024-04-16 21:30:01,NA,NA
"3D6.15346A3A9B",NA,NA,2024-05-28 04:48:02,NA,NA,NA,NA
"3D6.15346A3AB4",NA,2024-05-20 12:52:32,NA,2024-05-20 12:52:32,NA,NA,NA
"3D6.15346A3AC5",NA,NA,2024-04-17 13:29:43,NA,NA,NA,NA
"3D6.15346A3AC9",NA,NA,2024-04-17 12:40:58,NA,NA,NA,NA
"3D6.15346A3ACA",2024-04-25 06:40:01,2024-04-25 06:40:01,2024-04-17 16:10:41,NA,NA,NA,NA
"3D6.15346A3ACC",NA,2024-05-31 03:30:38,NA,2024-05-31 03:30:38,NA,NA,NA
"3D6.15346A3AD2",NA,NA,2024-04-17 13:54:06,NA,NA,NA,NA
"3D6.15346A3AD9",NA,NA,2024-04-17 14:51:11,NA,NA,NA,NA
"3D6.15346A3ADC",NA,2024-05-16 21:03:47,NA,2024-05-16 21:03:47,NA,NA,NA
"3D6.15346A3AF2",NA,NA,2024-05-17 00:17:48,NA,NA,NA,NA
"3D6.15346A3AFC",NA,NA,2024-05-16 21:16:11,NA,NA,NA,NA
"3D6.15346A3B0C",NA,2024-06-11 21:14:51,NA,2024-06-11 21:14:51,NA,NA,NA
"3D6.15346A3B0F",NA,2024-05-16 21:45:11,NA,2024-05-16 21:45:11,NA,NA,NA
"3D6.15346A3B14",NA,NA,2024-06-08 00:34:56,NA,NA,NA,NA
"3D6.15346A3B1A",NA,NA,2024-05-16 21:05:06,NA,NA,NA,NA
"3D6.15346A3B22",NA,NA,2024-05-18 11:15:06,NA,NA,NA,NA
"3D6.15346A3B2C",NA,2024-06-25 00:42:39,NA,2024-05-08 10:26:17,NA,NA,NA
"3D6.15346A3B30",NA,NA,2024-05-16 21:32:44,NA,NA,NA,NA
"3D6.15346A3B32",NA,NA,2024-06-06 00:32:15,NA,NA,NA,NA
"3D6.15346A412F",NA,2024-04-16 21:00:17,NA,2024-04-16 21:00:17,NA,NA,NA
"3D6.15346A4136",NA,2024-04-16 21:05:01,NA,2024-04-16 21:05:01,NA,NA,NA
"3D6.15346A413B",NA,2024-04-16 20:55:59,NA,2024-04-16 20:55:59,NA,NA,NA
"3D6.15346A4145",NA,NA,2024-04-21 22:38:09,NA,NA,NA,NA
"3D6.15346A414D",NA,2024-04-16 20:57:29,NA,2024-04-16 20:57:29,NA,NA,NA
"3D6.15346A414E",NA,NA,2024-04-16 21:00:36,NA,NA,NA,NA
"3D6.15346A4157",NA,2024-04-16 21:25:46,NA,2024-04-16 21:25:46,NA,NA,NA
"3D6.15346A4167",NA,NA,2024-05-20 07:58:57,NA,NA,NA,NA
"3D6.15346A4188",NA,NA,2024-04-16 20:51:05,NA,NA,NA,NA
"3D6.15346A418A",NA,NA,2024-04-16 20:54:39,NA,NA,NA,NA
"3D6.15346A418C",NA,NA,2024-04-16 21:07:28,NA,NA,NA,NA
"3D6.15346A418E",2024-05-21 05:07:14,2024-05-21 05:07:14,NA,NA,NA,NA,NA
"3D6.15346A4194",NA,NA,2024-04-16 20:51:15,NA,NA,NA,NA
"3D6.15346A41AC",NA,NA,2024-04-16 21:06:08,NA,NA,NA,NA
"3D6.15346A41B5",NA,NA,2024-04-16 21:43:34,NA,NA,NA,NA
"3D6.15346A41BB",NA,NA,2024-04-16 21:02:51,NA,NA,NA,NA
"3D6.15346A41BC",NA,2024-04-16 21:12:23,NA,2024-04-16 21:12:23,NA,NA,NA
"3D6.15346A41BE",NA,2024-04-20 08:43:23,NA,2024-04-20 08:43:23,NA,NA,NA
"3D6.15346A41C4",NA,NA,2024-04-16 21:18:20,NA,NA,NA,NA
"3D6.15346A41CE",NA,NA,NA,NA,NA,NA,2024-05-07 12:00:00
"3D6.15346A41D0",NA,NA,2024-04-16 20:51:17,NA,NA,NA,NA
"3D6.15346A41D4",NA,NA,2024-04-16 21:00:51,NA,NA,NA,NA
"3D6.15346A41D9",NA,NA,2024-04-16 20:47:37,NA,NA,NA,NA
"3D6.15346A41DA",NA,2024-04-16 21:07:22,NA,2024-04-16 21:07:22,NA,NA,NA
"3D6.15346A41E1",NA,2024-04-16 20:59:42,NA,2024-04-16 20:59:42,NA,NA,NA
"3D6.15346A41EA",NA,NA,2024-04-16 21:10:32,NA,NA,NA,NA
"3D6.15346A41ED",NA,NA,2024-04-16 21:38:27,NA,NA,NA,NA
"3D6.15346A41F2",NA,NA,2024-04-16 21:19:45,NA,NA,NA,NA
"3D6.15346A420A",NA,NA,NA,NA,2024-06-09 22:20:27,NA,NA
"3D6.15346A4213",NA,NA,2024-05-25 02:21:55,NA,NA,NA,NA
"3D6.15346A4281",NA,NA,NA,2024-06-09 04:29:00,NA,NA,NA
"3D6.15346A42B3",NA,NA,2024-06-08 05:01:40,NA,NA,NA,NA
"3D6.15346A6EEA",NA,2024-05-07 10:44:14,NA,2024-05-07 10:44:14,NA,NA,NA
"3D6.15346A6EFE",NA,NA,2024-05-05 21:23:55,NA,NA,NA,NA
"3D6.15346A6F13",NA,NA,2024-05-07 23:49:27,NA,NA,NA,NA
"3D6.15346A6F16",NA,NA,2024-05-31 22:52:25,NA,NA,NA,NA
"3D6.15346A6F33",NA,NA,2024-05-19 21:25:30,NA,NA,NA,NA
"3D6.15346A6F45",NA,2024-05-20 23:05:31,NA,2024-05-20 23:05:31,NA,NA,NA
"3D6.15346A6F5E",NA,NA,2024-05-23 13:34:05,NA,NA,NA,NA
"3D6.15346A6F72",NA,NA,NA,NA,2024-05-25 10:39:16,NA,NA
"3D6.15346A6FF2",NA,2024-06-04 00:05:05,2024-06-04 00:08:24,2024-06-04 00:05:05,NA,NA,NA
"3D6.15346A7013",NA,2024-05-21 23:14:16,NA,2024-05-21 23:14:16,NA,NA,NA
"3D6.15346A7090",NA,NA,NA,NA,2024-06-05 03:16:31,NA,NA
"3D6.15346A70AC",NA,2024-05-23 03:07:31,NA,2024-05-23 03:07:31,NA,NA,NA
"3D6.15346A710A",NA,2024-06-28 14:10:58,NA,2024-06-28 14:10:58,NA,NA,NA
"3D6.15346A713C",NA,NA,NA,NA,2024-06-05 23:45:30,NA,NA
"3D6.15346A7141",NA,NA,2024-05-31 23:42:01,NA,NA,NA,NA
"3D6.15346A7160",NA,NA,2024-04-17 15:55:28,NA,NA,NA,NA
"3D6.15346A716B",NA,NA,2024-04-17 11:06:27,NA,NA,NA,NA
"3D6.15346A719E",NA,NA,2024-04-29 10:30:37,NA,NA,NA,NA
"3D6.15346A71BA",NA,NA,2024-04-19 09:20:07,NA,NA,NA,NA
"3D6.15346A71C4",NA,NA,2024-04-17 18:20:31,NA,NA,NA,NA
"3D6.15346A7211",NA,2024-05-11 05:05:26,NA,2024-05-11 05:05:26,NA,NA,NA
"3D6.15346A7303",NA,NA,NA,NA,2024-04-14 08:02:14,NA,NA
"3D6.15346A730A",NA,NA,2024-04-04 16:36:50,NA,NA,NA,NA
"3D6.15346A7316",NA,2024-05-17 21:32:20,NA,2024-05-17 21:32:20,NA,NA,NA
"3D6.15346A732F",NA,NA,2024-05-20 05:30:06,NA,NA,NA,NA
"3D6.15346A7334",NA,2024-05-19 10:42:28,NA,2024-05-19 10:42:28,NA,NA,NA
"3D6.15346A7370",NA,NA,NA,NA,2024-04-02 22:25:20,NA,NA
"3D6.15346A7382",NA,NA,NA,NA,2024-04-03 06:23:21,NA,NA
"3D6.15346A73CB",NA,2024-06-19 03:20:36,NA,2024-06-19 03:20:36,NA,NA,NA
"3D6.15346A749D",NA,2024-05-20 22:30:06,NA,2024-05-20 22:30:06,NA,NA,NA
"3D6.15346A74AF",NA,NA,2024-05-26 22:46:20,NA,NA,NA,NA
"3D6.15346A74BF",NA,NA,2024-05-07 21:16:36,NA,NA,NA,NA
"3D6.15346A74CB",NA,2024-05-23 21:22:12,NA,2024-05-23 21:22:12,NA,NA,NA
"3D6.15346A74D4",NA,NA,2024-05-20 06:53:54,NA,NA,NA,NA
"3D6.15346A74E2",NA,2024-06-09 22:42:17,NA,2024-06-09 22:42:17,NA,NA,NA
"3D6.15346A7523",NA,NA,NA,2024-05-01 05:11:55,NA,NA,NA
"3D6.15346A7528",2024-05-05 03:00:04,2024-05-05 03:00:04,NA,NA,NA,NA,NA
"3D6.15346A7537",NA,NA,NA,2024-04-30 10:21:16,NA,NA,NA
"3D6.15346A7552",NA,NA,NA,2024-04-30 22:15:23,NA,NA,NA
"3D6.15346A7557",NA,NA,2024-05-18 05:56:06,NA,NA,NA,NA
"3D6.15346A756A",NA,NA,2024-05-16 21:14:44,NA,NA,NA,NA
"3D6.15346A75A7",NA,NA,2024-05-27 00:16:28,NA,NA,NA,NA
"3D6.15346A75AE",NA,NA,2024-05-31 18:01:16,NA,NA,NA,NA
"3D6.15346A75F4",NA,NA,2024-03-28 14:26:14,NA,NA,NA,NA
"3D6.15346A775A",NA,NA,NA,NA,2024-03-29 04:49:04,NA,NA
"3D6.15346A7844",2024-06-08 21:04:57,2024-06-08 21:04:57,NA,NA,NA,NA,NA
"3D6.15346A7871",NA,NA,NA,NA,2024-05-24 12:31:49,NA,NA
"3D6.15346A78F0",2024-06-08 21:32:54,2024-06-08 21:32:54,NA,NA,NA,NA,NA
"3D6.15346A790B",NA,2024-05-20 08:09:14,NA,2024-05-20 08:09:14,NA,NA,NA
"3D6.15346A790C",NA,NA,2024-05-22 02:46:29,NA,NA,NA,NA
"3D6.15346A793C",NA,2024-05-17 21:32:33,NA,2024-05-17 21:32:33,NA,NA,NA
"3D6.15346A7983",NA,2024-05-17 22:57:58,NA,2024-05-17 22:57:58,NA,NA,NA
"3D6.15346A79B0",NA,NA,2024-05-19 10:53:45,NA,NA,NA,NA
"3D6.15346A79CA",NA,NA,2024-04-04 21:10:44,NA,NA,NA,NA
"3D6.1534A06C82",NA,2024-07-12 02:48:00,NA,2024-07-12 02:48:00,NA,NA,NA
"3D6.1534A06CBB",NA,2024-06-08 00:16:36,NA,2024-06-08 00:16:36,NA,NA,NA
"3D6.1534A06CC5",NA,NA,2024-06-08 20:46:44,NA,NA,NA,NA
"3D6.1534A06CCA",NA,2024-06-12 02:09:48,NA,2024-06-12 02:09:48,NA,NA,NA
"3D6.1534A06CD8",NA,2024-05-31 03:26:13,NA,2024-05-31 03:26:13,NA,NA,NA
"3D6.1534A06CDB",NA,2024-05-31 00:11:48,NA,2024-05-31 00:11:48,NA,NA,NA
"3D6.1534A06CE1",NA,2024-05-31 04:40:25,NA,2024-05-31 04:40:25,NA,NA,NA
"3D6.1534A06CE2",NA,2024-06-13 01:01:37,NA,2024-06-13 01:01:37,NA,NA,NA
"3D6.1534A06CE8",NA,2024-05-31 04:04:59,NA,2024-05-31 04:04:59,NA,NA,NA
"3D6.1534A06CF4",NA,2024-05-30 23:28:33,NA,2024-05-30 23:28:33,NA,NA,NA
"3D6.1534A06CFE",NA,2024-05-31 04:28:32,NA,2024-05-31 04:28:32,NA,NA,NA
"3D6.1534A06D08",NA,NA,2024-05-31 03:22:43,NA,NA,NA,NA
"3D6.1534A06D10",NA,NA,2024-05-30 23:58:18,NA,NA,NA,NA
"3D6.1534A06D13",NA,2024-05-30 22:15:40,NA,2024-05-30 22:15:40,NA,NA,NA
"3D6.1534A06D15",NA,NA,2024-05-30 22:12:27,NA,NA,NA,NA
"3D6.1534A06D25",NA,NA,2024-06-07 21:34:02,NA,NA,NA,NA
"3D6.1534A06D3D",NA,2024-05-18 04:53:51,NA,2024-05-18 04:53:51,NA,NA,NA
"3D6.1534A06D3F",NA,2024-05-16 21:07:49,NA,2024-05-16 21:07:49,NA,NA,NA
"3D6.1534A06D4D",NA,2024-05-16 22:16:18,2024-05-16 22:19:54,2024-05-16 22:16:18,NA,NA,NA
"3D6.1534A06D59",NA,2024-05-20 01:49:32,NA,2024-05-20 01:49:32,NA,NA,NA
"3D6.1534A06D62",NA,2024-05-20 22:10:44,NA,2024-05-20 22:10:44,NA,NA,NA
"3D6.1534A06D73",NA,2024-05-16 21:42:56,NA,2024-05-16 21:42:56,NA,NA,NA
"3D6.1534A06D87",NA,2024-05-16 21:36:43,NA,2024-05-16 21:36:43,NA,NA,NA
"3D6.1534A06DA1",NA,NA,2024-05-16 21:11:25,NA,NA,NA,NA
"3D6.1534A06DA7",NA,NA,2024-05-16 21:39:02,NA,NA,NA,NA
"3D6.1534A06DAC",NA,2024-05-16 21:04:33,NA,2024-05-16 21:04:33,NA,NA,NA
"3D6.1534A06DC3",NA,2024-05-16 21:02:01,NA,2024-05-16 21:02:01,NA,NA,NA
"3D6.1534A06DD3",NA,NA,2024-05-16 21:25:19,NA,NA,NA,NA
"3D6.1534A06DF1",NA,NA,NA,2024-05-20 13:49:29,NA,NA,NA
"3D6.1534A06E17",NA,2024-06-12 00:53:58,NA,2024-06-12 00:53:58,NA,NA,NA
"3D6.1534A06E1A",NA,2024-06-12 00:30:54,NA,2024-06-12 00:30:54,NA,NA,NA
"3D6.1534A06E1F",NA,2024-06-11 23:08:53,NA,2024-06-11 23:08:53,NA,NA,NA
"3D6.1534A06E21",NA,2024-06-12 00:20:52,NA,2024-06-12 00:20:52,NA,NA,NA
"3D6.1534A06E2E",NA,2024-06-11 21:36:17,NA,2024-06-11 21:36:17,NA,NA,NA
"3D6.1534A06E43",2024-07-02 00:40:59,2024-07-02 00:40:59,NA,NA,NA,NA,NA
"3D6.1534A06E64",NA,2024-06-11 23:18:21,NA,2024-06-11 23:18:21,NA,NA,NA
"3D6.1534A06E7E",NA,2024-05-31 21:48:54,NA,2024-05-31 21:48:54,NA,NA,NA
"3D6.1534A06EAA",NA,NA,2024-06-06 22:21:29,NA,NA,NA,NA
"3D6.1534A06EAD",NA,2024-06-06 00:46:22,NA,2024-06-06 00:46:22,NA,NA,NA
"3D6.1534A06EB9",NA,NA,NA,NA,2024-06-02 12:53:25,NA,NA
"3D6.1534A06EBE",NA,2024-06-05 21:49:43,NA,2024-06-05 21:49:43,NA,NA,NA
"3D6.1534A06EC3",NA,NA,NA,NA,2024-06-02 12:53:36,NA,NA
"3D6.1534A06ED0",NA,NA,2024-05-30 22:47:51,NA,NA,NA,NA
"3D6.1534A06EDB",NA,2024-05-31 04:27:03,NA,2024-05-31 04:27:03,NA,NA,NA
"3D6.1534A06EDE",NA,2024-05-30 22:14:50,NA,2024-05-30 22:14:50,NA,NA,NA
"3D6.1534A06EE4",NA,2024-05-30 23:53:13,NA,2024-05-30 23:53:13,NA,NA,NA
"3D6.1534A06EEA",NA,2024-05-31 01:33:04,NA,2024-05-31 01:33:04,NA,NA,NA
"3D6.1534A06EF7",NA,2024-05-30 22:46:32,NA,2024-05-30 22:46:32,NA,NA,NA
"3D6.1534A06EFF",NA,2024-05-31 00:18:01,NA,2024-05-31 00:18:01,NA,NA,NA
"3D6.1534A06F1E",NA,2024-06-14 01:33:45,NA,2024-06-14 01:33:45,NA,NA,NA
"3D6.1534A06F27",NA,2024-06-12 21:12:18,NA,2024-06-12 21:12:18,NA,NA,NA
"3D6.1534A06F29",NA,2024-05-30 23:53:50,NA,2024-05-30 23:53:50,NA,NA,NA
"3D6.1534A06F31",NA,2024-05-30 22:14:49,NA,2024-05-30 22:14:49,NA,NA,NA
"3D6.1534A06F36",NA,2024-05-20 22:44:55,NA,2024-05-20 22:44:55,NA,NA,NA
"3D6.1534A06F4D",NA,NA,2024-05-17 23:29:21,NA,NA,NA,NA
"3D6.1534A06F4E",NA,2024-05-18 02:41:52,NA,2024-05-18 02:41:52,NA,NA,NA
"3D6.1534A06F55",NA,2024-05-19 13:00:29,NA,2024-05-19 13:00:29,NA,NA,NA
"3D6.1534A06FA2",NA,NA,2024-05-30 05:17:42,NA,NA,NA,NA
"3D6.1534A06FA9",NA,NA,NA,NA,2024-05-13 20:12:42,NA,NA
"3D6.1534A06FB9",NA,2024-05-17 21:13:29,2024-05-17 21:16:25,2024-05-17 21:13:29,NA,NA,NA
"3D6.1534A06FBA",NA,2024-05-18 00:29:00,NA,2024-05-18 00:29:00,NA,NA,NA
"3D6.1534A06FC2",NA,NA,2024-05-20 23:02:20,NA,NA,NA,NA
"3D6.1534A06FCB",NA,2024-05-20 12:57:56,NA,2024-05-20 12:57:56,NA,NA,NA
"3D6.1534A06FD1",NA,NA,2024-05-17 00:44:24,NA,NA,NA,NA
"3D6.1534A06FDA",NA,NA,2024-05-18 20:36:13,NA,NA,NA,NA
"3D6.1534A06FDB",NA,2024-05-15 21:26:16,NA,2024-05-15 21:26:16,NA,NA,NA
"3D6.1534A07010",NA,2024-07-12 02:06:28,NA,2024-07-12 02:06:28,NA,NA,NA
"3D6.1534A0708E",NA,NA,2024-06-08 19:23:38,NA,NA,NA,NA
"3D6.1534A070A9",NA,NA,NA,NA,2024-05-31 06:11:31,NA,NA
"3D6.1534A070C6",NA,2024-05-17 00:17:27,NA,2024-05-17 00:17:27,NA,NA,NA
"3D6.1534A070C9",NA,NA,2024-05-16 21:51:57,NA,NA,NA,NA
"3D6.1534A070CD",NA,NA,2024-05-16 21:13:48,NA,NA,NA,NA
"3D6.1534A070D4",NA,2024-05-16 21:08:11,NA,2024-05-16 21:08:11,NA,NA,NA
"3D6.1534A070F0",NA,NA,2024-05-17 04:54:50,NA,NA,NA,NA
"3D6.1534A070F4",NA,NA,2024-05-16 21:21:16,NA,NA,NA,NA
"3D6.1534A0710A",NA,2024-05-17 00:36:01,NA,2024-05-17 00:36:01,NA,NA,NA
"3D6.1534A07124",NA,NA,2024-05-16 21:51:52,NA,NA,NA,NA
"3D6.1534A0712B",NA,NA,2024-05-16 21:51:26,NA,NA,NA,NA
"3D6.1534A07152",NA,NA,2024-05-14 21:47:34,NA,NA,NA,NA
"3D6.1534A07156",NA,NA,2024-05-18 04:44:53,NA,NA,NA,NA
"3D6.1534A07163",NA,NA,NA,NA,2024-05-14 01:28:22,NA,NA
"3D6.1534A07170",NA,NA,2024-05-17 21:16:26,NA,NA,NA,NA
"3D6.1534A07185",NA,2024-05-17 22:02:05,NA,2024-05-17 22:02:05,NA,NA,NA
"3D6.1534A07193",NA,NA,2024-05-18 04:26:42,NA,NA,NA,NA
"3D6.1534A07196",NA,2024-05-22 21:18:05,NA,2024-05-22 21:18:05,NA,NA,NA
"3D6.1534A0719D",NA,NA,2024-05-17 21:34:17,NA,NA,NA,NA
"3D6.1534A071AA",NA,NA,2024-05-15 23:07:00,NA,NA,NA,NA
"3D6.1534A071BB",NA,2024-05-17 23:49:08,NA,2024-05-17 23:49:08,NA,NA,NA
"3D6.1534A071BE",NA,2024-06-21 09:57:56,NA,2024-06-21 09:57:56,NA,NA,NA
"3D6.1534A071DD",NA,2024-05-31 04:27:33,NA,2024-05-31 04:27:33,NA,NA,NA
"3D6.1534A071E6",NA,2024-05-19 22:09:55,NA,2024-05-19 22:09:55,NA,NA,NA
"3D6.1534A071E9",NA,NA,2024-05-18 12:44:40,NA,NA,NA,NA
"3D6.1534A071F2",NA,2024-05-18 21:22:32,NA,2024-05-18 21:22:32,NA,NA,NA
"3D6.1534A071F7",NA,2024-06-01 03:42:45,NA,2024-06-01 03:42:45,NA,NA,NA
"3D6.1534A071FD",NA,NA,NA,NA,2024-06-02 12:53:32,NA,NA
"3D6.1534A0720F",NA,2024-06-18 23:57:13,NA,2024-06-18 23:57:13,NA,NA,NA
"3D6.1534A07226",NA,2024-06-06 02:05:10,NA,2024-06-06 02:05:10,NA,NA,NA
"3D6.1534A07237",NA,2024-06-06 03:30:31,NA,2024-06-06 03:30:31,NA,NA,NA
"3D6.1534A07256",NA,2024-07-05 23:57:37,NA,2024-07-05 23:57:37,NA,NA,NA
"3D6.1534A0726D",2024-06-07 20:34:05,2024-06-07 02:13:53,NA,2024-06-07 02:13:53,NA,NA,NA
"3D6.1534A0727D",NA,NA,2024-06-09 19:10:29,NA,NA,NA,NA
"3D6.1534A07298",NA,NA,2024-06-08 20:25:57,NA,NA,NA,NA
"3D6.1534A072D1",NA,2024-06-08 01:30:55,NA,2024-06-08 01:30:55,NA,NA,NA
"3D6.1534A072D5",NA,NA,NA,2024-06-07 11:38:29,NA,NA,NA
"3D6.1534A072EE",NA,NA,2024-06-06 19:31:21,NA,NA,NA,NA
"3D6.1534A072F1",NA,NA,NA,2024-06-01 04:53:34,NA,NA,NA
"3D6.1534A072F3",NA,2024-06-10 22:12:19,2024-06-10 22:18:59,2024-06-10 22:12:19,NA,NA,NA
"3D6.1534A072F5",NA,NA,2024-06-07 22:17:45,NA,NA,NA,NA
"3D6.1534A0730C",NA,2024-06-07 03:52:59,NA,2024-06-07 03:52:59,NA,NA,NA
"3D6.1534A07347",NA,2024-06-05 03:49:05,NA,2024-06-05 03:49:05,NA,NA,NA
"3D6.1534A07365",NA,2024-06-14 21:39:43,NA,2024-06-14 21:39:43,NA,NA,NA
"3D6.1534A0736E",NA,NA,NA,NA,2024-06-09 17:52:39,NA,NA
"3D6.1534A07411",NA,2024-07-11 01:06:13,NA,2024-07-11 01:06:13,NA,NA,NA
"3D6.1534A0742B",NA,NA,2024-06-09 19:36:32,NA,NA,NA,NA
"3D6.1534A0747A",NA,NA,2024-05-30 22:55:36,NA,NA,NA,NA
"3D6.1534A0747F",NA,2024-05-31 02:44:08,NA,2024-05-31 02:44:08,NA,NA,NA
"3D6.1534A074E7",NA,2024-06-06 22:54:25,NA,2024-06-06 22:54:25,NA,NA,NA
"3D6.1534A074EF",NA,2024-06-01 03:29:30,NA,2024-06-01 03:29:30,NA,NA,NA
"3D6.1534A074F4",NA,NA,NA,NA,2024-06-02 12:53:37,NA,NA
"3D6.1534A07502",NA,NA,NA,2024-06-03 05:36:16,NA,NA,NA
"3D6.1534A07527",2024-06-11 19:01:38,2024-06-11 19:01:38,NA,NA,NA,NA,NA
"3D6.1534A07529",NA,2024-05-30 22:31:40,NA,2024-05-30 22:31:40,NA,NA,NA
"3D6.1534A0752C",NA,2024-05-30 22:00:19,NA,2024-05-30 22:00:19,NA,NA,NA
"3D6.1534A07530",NA,2024-05-30 23:35:17,NA,2024-05-30 23:35:17,NA,NA,NA
"3D6.1534A07532",NA,2024-05-30 22:24:18,NA,2024-05-30 22:24:18,NA,NA,NA
"3D6.1534A07536",NA,2024-05-30 22:20:29,NA,2024-05-30 22:20:29,NA,NA,NA
"3D6.1534A07548",2024-06-08 20:45:01,2024-06-08 20:45:01,NA,NA,NA,NA,NA
"3D6.1534A0754C",NA,NA,2024-05-31 00:12:11,NA,NA,NA,NA
"3D6.1534A07554",NA,2024-05-30 21:07:29,NA,2024-05-30 21:07:29,NA,NA,NA
"3D6.1534A0756C",NA,2024-05-30 23:33:19,NA,2024-05-30 23:33:19,NA,NA,NA
"3D6.1534A0756E",NA,2024-05-31 01:36:47,NA,2024-05-31 01:36:47,NA,NA,NA
"3D6.1534A07575",NA,2024-05-31 00:24:19,NA,2024-05-31 00:24:19,NA,NA,NA
"3D6.1534A07578",NA,2024-05-30 23:02:42,NA,2024-05-30 23:02:42,NA,NA,NA
"3D6.1534A07581",NA,2024-05-30 22:37:38,NA,2024-05-30 22:37:38,NA,NA,NA
"3D6.1534A075A9",NA,2024-07-01 21:36:00,2024-07-01 21:39:22,2024-07-01 21:36:00,NA,NA,NA
"3D6.1534A075BF",NA,NA,2024-06-23 19:09:40,NA,NA,NA,NA
"3DD.003BD5C76E",NA,NA,NA,NA,2024-06-11 01:30:55,NA,NA
"3DD.003BD5CC94",NA,2024-06-23 02:13:08,NA,2024-06-23 02:13:08,NA,NA,NA
"3DD.003BD5CDDF",NA,NA,2024-06-08 01:03:22,NA,NA,NA,NA
"3DD.003BD5CDEE",NA,NA,2024-05-18 21:49:23,NA,NA,NA,NA
"3DD.003BD5CDF7",NA,NA,2024-06-11 04:23:40,NA,NA,NA,NA
"3DD.003BD5CE8A",NA,NA,2024-05-27 21:30:55,NA,NA,NA,NA
"3DD.003BD5CF99",NA,2024-04-08 01:10:03,NA,2024-04-08 01:10:03,NA,NA,NA
"3DD.003BD5CFCF",NA,NA,2024-05-03 21:48:52,NA,NA,NA,NA
"3DD.003BD5D029",NA,NA,2024-04-17 21:45:51,NA,NA,NA,NA
"3DD.003BD5D1A1",NA,NA,NA,NA,2024-04-22 00:48:52,NA,NA
"3DD.003BD5D1B0",NA,NA,2024-06-29 22:16:10,NA,NA,NA,NA
"3DD.003BD5D1B1",NA,2024-04-13 21:08:36,NA,2024-04-13 21:08:36,NA,NA,NA
"3DD.003BD5D1C9",NA,2024-04-14 05:19:39,NA,2024-04-14 05:19:39,NA,NA,NA
"3DD.003BD5D201",NA,2024-05-13 21:22:22,NA,2024-05-13 21:22:22,NA,NA,NA
"3DD.003BD5D225",NA,NA,2024-04-02 01:48:00,NA,NA,NA,NA
"3DD.003BD5D228",2024-04-20 05:04:51,2024-04-20 05:04:51,NA,NA,NA,NA,NA
"3DD.003BD5D250",NA,NA,NA,NA,2024-05-24 13:17:18,NA,NA
"3DD.003BD5D272",NA,NA,NA,NA,2024-06-04 23:22:00,NA,NA
"3DD.003BD5D295",NA,NA,2024-04-20 01:26:49,NA,NA,NA,NA
"3DD.003BD5D2C7",NA,NA,2024-04-22 21:35:34,NA,NA,NA,NA
"3DD.003BD5D349",NA,NA,2024-06-05 08:18:36,NA,NA,NA,NA
"3DD.003DEEBE97",NA,NA,NA,NA,2024-05-24 06:45:52,NA,NA
"3DD.003DEEBE9F",NA,2024-05-22 10:43:53,NA,2024-05-22 10:43:53,NA,NA,NA
"3DD.003DEEBEA0",NA,NA,2024-05-20 03:05:20,NA,NA,NA,NA
"3DD.003DEEBEA9",NA,NA,2024-05-16 21:42:22,NA,NA,NA,NA
"3DD.003DEEBEAA",NA,NA,2024-05-18 00:03:41,NA,NA,NA,NA
"3DD.003DEEBEB5",NA,2024-05-17 22:50:48,2024-05-17 22:53:44,2024-05-17 22:50:48,NA,NA,NA
"3DD.003DEEBEB8",NA,2024-05-18 07:05:05,NA,2024-05-18 07:05:05,NA,NA,NA
"3DD.003DEEBEC7",NA,NA,2024-05-17 21:15:45,NA,NA,NA,NA
"3DD.003DEEBECA",NA,NA,2024-05-21 00:59:47,NA,NA,NA,NA
"3DD.003DEEBED8",NA,2024-06-20 03:12:40,NA,2024-06-20 03:12:40,NA,NA,NA
"3DD.003DEEBEE2",NA,NA,2024-05-18 22:26:27,NA,NA,NA,NA
"3DD.003DEEBEE5",NA,NA,2024-05-19 01:16:58,NA,NA,NA,NA
"3DD.003DEEBEEA",NA,NA,2024-05-18 21:24:16,NA,NA,NA,NA
"3DD.003DEEBEED",NA,NA,2024-05-20 21:29:01,NA,NA,NA,NA
"3DD.003DEEBEF4",NA,2024-05-18 04:36:35,NA,2024-05-18 04:36:35,NA,NA,NA
"3DD.003DEEBEF8",NA,2024-06-01 00:17:10,NA,2024-06-01 00:17:10,NA,NA,NA
"3DD.003DEEBF05",NA,NA,2024-05-20 16:49:36,NA,NA,NA,NA
"3DD.003DEEBF0A",NA,2024-05-18 04:23:05,NA,2024-05-18 04:23:05,NA,NA,NA
"3DD.003DEEBF0C",NA,NA,2024-05-22 02:51:43,NA,NA,NA,NA
"3DD.003DEEBF12",NA,NA,2024-05-25 01:05:03,NA,NA,NA,NA
"3DD.003DEEBF19",NA,2024-05-20 10:43:46,NA,2024-05-20 10:43:46,NA,NA,NA
"3DD.003DEEBF27",NA,2024-05-18 06:08:58,2024-05-18 06:12:17,2024-05-18 06:08:58,NA,NA,NA
"3DD.003DEEBF29",NA,NA,2024-05-30 02:37:11,NA,NA,NA,NA
"3DD.003DEEBF2B",NA,2024-05-23 21:32:46,2024-05-23 21:35:46,2024-05-23 21:32:46,NA,NA,NA
"3DD.003DEEBF32",NA,NA,2024-05-18 05:37:08,NA,NA,NA,NA
"3DD.003DEEBF33",NA,NA,2024-05-18 08:03:36,NA,NA,NA,NA
"3DD.003DEEBF37",NA,2024-05-22 13:24:18,NA,2024-05-22 13:24:18,NA,NA,NA
"3DD.003DEEBF3A",NA,2024-05-19 14:08:55,NA,2024-05-19 14:08:55,NA,NA,NA
"3DD.003DEEBF3C",NA,NA,2024-05-18 07:05:43,NA,NA,NA,NA
"3DD.003DEEBF3F",NA,2024-06-10 23:50:21,2024-06-10 23:53:23,2024-06-10 23:50:21,NA,NA,NA
"3DD.003DEEBF42",NA,NA,2024-05-17 21:58:02,NA,NA,NA,NA
"3DD.003DEEBF44",NA,NA,2024-05-22 22:30:11,NA,NA,NA,NA
"3DD.003DEEBF48",NA,2024-05-18 02:16:19,NA,2024-05-18 02:16:19,NA,NA,NA
"3DD.003DEEBF51",NA,NA,2024-05-17 23:14:14,NA,NA,NA,NA
"3DD.003DEEBF5D",NA,2024-05-20 22:37:38,NA,2024-05-20 22:37:38,NA,NA,NA
"3DD.003DEEBF5E",NA,NA,2024-06-02 20:33:33,NA,NA,NA,NA
"3DD.003DEEBF65",NA,NA,2024-05-21 05:06:36,NA,NA,NA,NA
"3DD.003DEEBF68",NA,2024-06-20 12:07:51,NA,2024-06-20 12:07:51,NA,NA,NA
"3DD.003DEEBF6A",NA,NA,2024-05-18 04:52:59,NA,NA,NA,NA
"3DD.003DEEBF74",NA,NA,2024-05-29 02:35:27,NA,NA,NA,NA
"3DD.003DEEBF77",NA,NA,2024-05-19 14:42:46,NA,NA,NA,NA
"3DD.003DEEBF7F",NA,2024-06-06 22:24:47,2024-06-06 22:28:21,2024-06-06 22:24:47,NA,NA,NA
"3DD.003DEEBF83",NA,2024-05-19 09:13:58,NA,2024-05-19 09:13:58,NA,NA,NA
"3DD.003DEEBF90",NA,2024-05-21 00:13:13,2024-05-21 00:16:35,2024-05-21 00:13:13,NA,NA,NA
"3DD.003DEEBF95",NA,NA,2024-05-19 16:42:12,NA,NA,NA,NA
"3DD.003DEEBF96",NA,2024-05-18 01:42:25,NA,2024-05-18 01:42:25,NA,NA,NA
"3DD.003DEEBF9D",NA,NA,2024-05-20 22:18:44,NA,NA,NA,NA
"3DD.003DEEBFA8",NA,NA,2024-05-17 04:38:17,NA,NA,NA,NA
"3DD.003DEEBFA9",NA,2024-05-31 05:11:53,NA,2024-05-31 05:11:53,NA,NA,NA
"3DD.003DEEBFAB",NA,NA,2024-05-19 20:14:54,NA,NA,NA,NA
"3DD.003DEEBFAE",NA,NA,2024-05-19 21:39:16,NA,NA,NA,NA
"3DD.003DEEBFB2",NA,2024-05-18 03:40:16,2024-05-18 03:44:02,2024-05-18 03:40:16,NA,NA,NA
"3DD.003DEEBFB3",NA,2024-05-18 12:26:50,NA,2024-05-18 12:26:50,NA,NA,NA
"3DD.003DEEBFB5",NA,2024-06-07 02:00:47,NA,2024-06-07 02:00:47,NA,NA,NA
"3DD.003DEEBFB6",NA,2024-05-21 22:13:04,NA,2024-05-21 22:13:04,NA,NA,NA
"3DD.003DEEBFC7",NA,2024-05-19 15:38:37,NA,2024-05-19 15:38:37,NA,NA,NA
"3DD.003DEEBFCC",NA,NA,2024-05-21 23:34:36,NA,NA,NA,NA
"3DD.003DEEBFCF",NA,2024-05-19 23:36:47,NA,2024-05-19 23:36:47,NA,NA,NA
"3DD.003DEEBFD3",NA,NA,2024-05-20 19:10:25,NA,NA,NA,NA
"3DD.003DEEBFDC",NA,NA,2024-05-23 02:45:45,NA,NA,NA,NA
"3DD.003DEEBFE1",NA,NA,2024-05-19 18:23:38,NA,NA,NA,NA
"3DD.003DEEBFE3",NA,2024-05-19 15:01:08,NA,2024-05-19 15:01:08,NA,NA,NA
"3DD.003DEEBFE5",NA,2024-05-15 21:15:24,NA,2024-05-15 21:15:24,NA,NA,NA
"3DD.003DEEBFE8",NA,NA,2024-05-21 23:45:03,NA,NA,NA,NA
"3DD.003DEEBFEE",2024-05-26 20:58:11,2024-05-26 20:58:11,NA,NA,NA,NA,NA
"3DD.003DEEBFEF",NA,2024-05-18 03:30:27,NA,2024-05-18 03:30:27,NA,NA,NA
"3DD.003DEEBFF7",NA,2024-05-20 04:23:34,NA,2024-05-20 04:23:34,NA,NA,NA
"3DD.003DEEBFF9",NA,NA,2024-05-24 23:12:03,NA,NA,NA,NA
"3DD.003DEEBFFB",NA,NA,2024-05-20 03:40:00,NA,NA,NA,NA
"3DD.003DEEBFFF",NA,NA,2024-05-18 21:21:27,NA,NA,NA,NA
"3DD.003DEEC001",NA,2024-05-15 05:11:40,NA,2024-05-15 05:11:40,NA,NA,NA
"3DD.003DEEC003",NA,2024-05-16 21:46:48,NA,2024-05-16 21:46:48,NA,NA,NA
"3DD.003DEEC00B",NA,NA,2024-05-17 19:29:07,NA,NA,NA,NA
"3DD.003DEEC00E",NA,2024-05-20 08:48:30,NA,2024-05-20 08:48:30,NA,NA,NA
"3DD.003DEEC00F",NA,2024-05-18 03:58:38,NA,2024-05-18 03:58:38,NA,NA,NA
"3DD.003DEEC010",NA,NA,2024-05-31 23:41:08,NA,NA,NA,NA
"3DD.003DEEC011",NA,NA,2024-05-20 12:46:10,NA,NA,NA,NA
"3DD.003DEEC015",NA,2024-05-19 06:42:26,2024-05-19 06:47:14,2024-05-19 06:42:26,NA,NA,NA
"3DD.003DEEC01E",NA,NA,2024-05-17 20:30:46,NA,NA,NA,NA
"3DD.003DEEC022",NA,NA,2024-05-17 21:43:22,NA,NA,NA,NA
"3DD.003DEEC024",NA,2024-05-18 00:57:42,NA,2024-05-18 00:57:42,NA,NA,NA
"3DD.003DEEC025",NA,NA,2024-05-22 22:56:16,NA,NA,NA,NA
"3DD.003DEEC027",NA,2024-06-02 02:02:05,NA,2024-06-02 02:02:05,NA,NA,NA
"3DD.003DEEC02C",NA,NA,2024-05-17 21:10:48,NA,NA,NA,NA
"3DD.003DEEC02E",NA,NA,NA,NA,2024-05-23 20:14:30,NA,NA
"3DD.003DEEC031",NA,NA,2024-05-22 00:04:21,NA,NA,NA,NA
"3DD.003DEEC032",NA,2024-05-20 02:02:15,NA,2024-05-20 02:02:15,NA,NA,NA
"3DD.003DEEC03D",NA,NA,2024-05-30 21:52:18,NA,NA,NA,NA
"3DD.003DEEC03E",NA,NA,NA,2024-05-21 10:18:15,2024-05-23 20:14:36,NA,NA
"3DD.003DEEC03F",NA,2024-05-19 22:22:11,2024-05-19 22:25:02,2024-05-19 22:22:11,NA,NA,NA
"3DD.003DEEC042",NA,2024-05-23 11:26:05,NA,2024-05-23 11:26:05,NA,NA,NA
"3DD.003DEEC049",NA,2024-05-17 21:08:48,NA,2024-05-17 21:08:48,NA,NA,NA
"3DD.003DEEC04A",NA,2024-05-18 05:39:02,NA,2024-05-18 05:39:02,NA,NA,NA
"3DD.003DEEC04E",NA,NA,NA,NA,2024-05-13 20:12:57,NA,NA
"3DD.003DEEC05B",NA,NA,2024-05-18 11:40:28,NA,NA,NA,NA
"3DD.003DEEC05C",NA,NA,2024-05-17 23:37:34,NA,NA,NA,NA
"3DD.003DEEC05D",NA,NA,2024-05-22 01:58:38,NA,NA,NA,NA
"3DD.003DEEC05F",NA,NA,2024-05-17 21:39:28,NA,NA,NA,NA
"3DD.003DEEC06E",NA,2024-05-19 16:47:45,NA,2024-05-19 16:47:45,NA,NA,NA
"3DD.003DEEC073",NA,NA,2024-05-18 03:39:16,NA,NA,NA,NA
"3DD.003DEEC074",NA,NA,2024-05-17 21:30:54,NA,NA,NA,NA
"3DD.003DEEC078",NA,NA,NA,NA,2024-05-13 23:26:29,NA,NA
"3DD.003DEEC084",NA,2024-05-15 21:22:04,2024-05-15 21:27:19,2024-05-15 21:22:04,NA,NA,NA
"3DD.003DEEC088",NA,2024-05-16 20:52:11,2024-05-16 20:59:26,2024-05-16 20:52:11,NA,NA,NA
"3DD.003DEEC08A",NA,NA,2024-05-16 21:00:16,NA,NA,NA,NA
"3DD.003DEEC094",NA,2024-05-16 21:13:02,2024-05-16 21:42:43,2024-05-16 21:13:02,NA,NA,NA
"3DD.003DEEC095",NA,2024-05-16 21:08:57,NA,2024-05-16 21:08:57,NA,NA,NA
"3DD.003DEEC098",NA,NA,2024-05-16 21:13:55,NA,NA,NA,NA
"3DD.003DEEC099",NA,2024-05-16 21:03:48,2024-05-16 21:06:52,2024-05-16 21:03:48,NA,NA,NA
"3DD.003DEEC09D",NA,2024-05-16 21:12:17,NA,2024-05-16 21:12:17,NA,NA,NA
"3DD.003DEEC0A2",NA,NA,2024-05-16 21:13:10,NA,NA,NA,NA
"3DD.003DEEC0A3",NA,2024-05-16 21:01:31,NA,2024-05-16 21:01:31,NA,NA,NA
"3DD.003DEEC0A5",NA,2024-05-16 21:31:15,NA,2024-05-16 21:31:15,NA,NA,NA
"3DD.003DEEC0A7",NA,NA,2024-05-16 21:13:43,NA,NA,NA,NA
"3DD.003DEEC0AF",NA,NA,2024-05-16 21:21:53,NA,NA,NA,NA
"3DD.003DEEC0B2",NA,2024-05-16 21:41:34,NA,2024-05-16 21:41:34,NA,NA,NA
"3DD.003DEEC0B6",NA,NA,2024-05-16 21:24:49,NA,NA,NA,NA
"3DD.003DEEC0BC",NA,NA,2024-05-16 21:19:03,NA,NA,NA,NA
"3DD.003DEEC0BE",NA,NA,2024-05-16 21:12:00,NA,NA,NA,NA
"3DD.003DEEC0C2",NA,NA,2024-05-17 06:05:16,NA,NA,NA,NA
"3DD.003DEEC0C6",NA,NA,2024-05-17 22:14:05,NA,NA,NA,NA
"3DD.003DEEC0C7",NA,NA,2024-05-16 21:08:28,NA,NA,NA,NA
"3DD.003DEEC0CE",NA,NA,2024-05-16 21:21:00,NA,NA,NA,NA
"3DD.003DEEC0D2",2024-05-25 21:13:17,2024-05-25 21:13:17,2024-05-16 21:07:02,NA,NA,NA,NA
"3DD.003DEEC0D3",NA,NA,2024-05-16 21:03:34,NA,NA,NA,NA
"3DD.003DEEC0D5",NA,NA,2024-05-17 02:29:40,NA,NA,NA,NA
"3DD.003DEEC0D6",NA,2024-05-16 22:29:58,NA,2024-05-16 22:29:58,NA,NA,NA
"3DD.003DEEC0D7",NA,2024-05-16 21:00:10,NA,2024-05-16 21:00:10,NA,NA,NA
"3DD.003DEEC0DC",NA,2024-05-16 21:20:52,NA,2024-05-16 21:20:52,NA,NA,NA
"3DD.003DEEC0DD",NA,NA,2024-05-16 21:19:23,NA,NA,NA,NA
"3DD.003DEEC0DE",NA,2024-05-16 22:04:17,2024-05-16 22:07:48,2024-05-16 22:04:17,NA,NA,NA
"3DD.003DEEC0DF",NA,2024-05-16 21:00:36,NA,2024-05-16 21:00:36,NA,NA,NA
"3DD.003DEEC0E2",NA,NA,2024-05-16 21:07:49,NA,NA,NA,NA
"3DD.003DEEC0E5",NA,NA,2024-05-16 21:01:40,NA,NA,NA,NA
"3DD.003DEEC0E9",NA,NA,2024-05-17 04:34:27,NA,NA,NA,NA
"3DD.003DEEC0ED",NA,NA,2024-05-16 21:22:59,NA,NA,NA,NA
"3DD.003DEEC0EE",NA,NA,2024-05-16 21:11:38,NA,NA,NA,NA
"3DD.003DEEC0F6",NA,NA,2024-05-16 21:05:17,NA,NA,NA,NA
"3DD.003DEEC0F8",NA,NA,2024-05-16 21:25:05,NA,NA,NA,NA
"3DD.003DEEC0F9",NA,NA,2024-05-16 21:48:07,NA,NA,NA,NA
"3DD.003DEEC0FA",NA,2024-05-16 21:01:45,2024-05-16 21:05:06,2024-05-16 21:01:45,NA,NA,NA
"3DD.003DEEC0FC",NA,2024-05-16 21:26:52,NA,2024-05-16 21:26:52,NA,NA,NA
"3DD.003DEEC0FF",NA,2024-05-16 20:59:05,2024-05-16 21:06:22,2024-05-16 20:59:05,NA,NA,NA
"3DD.003DEEC101",NA,2024-05-16 21:17:00,NA,2024-05-16 21:17:00,NA,NA,NA
"3DD.003DEEC107",NA,2024-05-16 21:15:30,NA,2024-05-16 21:15:30,NA,NA,NA
"3DD.003DEEC10E",NA,2024-05-16 21:15:36,NA,2024-05-16 21:15:36,NA,NA,NA
"3DD.003DEEC10F",NA,NA,2024-05-16 21:10:04,NA,NA,NA,NA
"3DD.003DEEC111",NA,NA,2024-05-16 21:10:46,NA,NA,NA,NA
"3DD.003DEEC112",NA,NA,2024-05-16 20:54:55,NA,NA,NA,NA
"3DD.003DEEC113",NA,NA,2024-05-16 21:08:54,NA,NA,NA,NA
"3DD.003DEEC117",NA,NA,2024-05-16 21:05:28,NA,NA,NA,NA
"3DD.003DEEC119",NA,NA,2024-05-16 21:09:05,NA,NA,NA,NA
"3DD.003DEEC11A",NA,NA,2024-05-16 21:16:46,NA,NA,NA,NA
"3DD.003DEEC121",NA,NA,2024-05-16 21:17:33,NA,NA,NA,NA
"3DD.003DEEC122",NA,NA,2024-05-16 21:18:58,NA,NA,NA,NA
"3DD.003DEEC126",NA,2024-05-17 02:10:24,NA,2024-05-17 02:10:24,NA,NA,NA
"3DD.003DEEC127",NA,NA,2024-05-16 21:20:16,NA,NA,NA,NA
"3DD.003DEEC12A",NA,NA,2024-05-16 21:25:33,NA,NA,NA,NA
"3DD.003DEEC131",NA,2024-05-16 21:38:26,NA,2024-05-16 21:38:26,NA,NA,NA
"3DD.003DEEC133",NA,2024-05-16 21:50:18,NA,2024-05-16 21:50:18,NA,NA,NA
"3DD.003DEEC134",NA,NA,2024-05-16 21:15:02,NA,NA,NA,NA
"3DD.003DEEC138",NA,NA,2024-05-16 21:05:00,NA,NA,NA,NA
"3DD.003DEEC13A",NA,NA,2024-05-16 21:04:37,NA,NA,NA,NA
"3DD.003DEEC13C",NA,NA,2024-05-16 21:16:01,NA,NA,NA,NA
"3DD.003DEEC142",NA,2024-05-16 21:01:15,NA,2024-05-16 21:01:15,NA,NA,NA
"3DD.003DEEC144",2024-05-24 21:59:45,2024-05-16 21:44:22,NA,2024-05-16 21:44:22,NA,NA,NA
"3DD.003DEEC14A",NA,NA,2024-05-16 22:18:44,NA,NA,NA,NA
"3DD.003DEEC14B",NA,NA,2024-05-16 21:18:23,NA,NA,NA,NA
"3DD.003DEEC15A",NA,NA,2024-05-17 00:57:50,NA,NA,NA,NA
"3DD.003DEEC15C",NA,2024-05-16 21:22:46,NA,2024-05-16 21:22:46,NA,NA,NA
"3DD.003DEEC164",NA,NA,2024-05-17 00:10:44,NA,NA,NA,NA
"3DD.003DEEC166",NA,NA,2024-05-16 21:10:08,NA,NA,NA,NA
"3DD.003DEEC167",NA,NA,2024-05-16 21:49:51,NA,NA,NA,NA
"3DD.003DEEC16F",NA,2024-05-17 03:35:26,NA,2024-05-17 03:35:26,NA,NA,NA
"3DD.003DEEC170",NA,NA,2024-05-16 21:12:16,NA,NA,NA,NA
"3DD.003DEEC172",NA,2024-05-16 22:31:14,2024-05-16 22:34:23,2024-05-16 22:31:14,NA,NA,NA
"3DD.003DEEC174",NA,2024-05-16 21:07:47,NA,2024-05-16 21:07:47,NA,NA,NA
"3DD.003DEEC17E",NA,2024-05-16 21:07:40,2024-05-16 21:11:16,2024-05-16 21:07:40,NA,NA,NA
"3DD.003DEEC180",NA,NA,2024-05-16 21:42:14,NA,NA,NA,NA
"3DD.003DEEC181",NA,2024-05-16 21:17:49,2024-05-16 21:20:42,2024-05-16 21:17:49,NA,NA,NA
"3DD.003DEEC18B",NA,2024-05-17 03:29:24,NA,2024-05-17 03:29:24,NA,NA,NA
"3DD.003DEEC192",NA,NA,2024-05-16 21:24:48,NA,NA,NA,NA
"3DD.003DEEC193",NA,2024-05-16 21:02:09,NA,2024-05-16 21:02:09,NA,NA,NA
"3DD.003DEEC196",NA,NA,2024-05-16 22:12:21,NA,NA,NA,NA
"3DD.003DEEC197",NA,NA,2024-05-16 21:05:19,NA,NA,NA,NA
"3DD.003DEEC198",NA,NA,2024-05-16 21:20:38,NA,NA,NA,NA
"3DD.003DEEC199",NA,2024-05-16 21:06:09,NA,2024-05-16 21:06:09,NA,NA,NA
"3DD.003DEEC19A",NA,2024-05-16 21:07:34,NA,2024-05-16 21:07:34,NA,NA,NA
"3DD.003DEEC1A0",NA,NA,2024-05-16 21:18:33,NA,NA,NA,NA
"3DD.003DEEC1A2",NA,NA,2024-05-16 20:54:43,NA,NA,NA,NA
"3DD.003DEEC1A7",NA,2024-05-16 21:28:16,NA,2024-05-16 21:28:16,NA,NA,NA
"3DD.003DEEC1AB",NA,NA,2024-05-16 21:31:03,NA,NA,NA,NA
"3DD.003DEEC1AC",NA,NA,2024-05-16 21:09:57,NA,NA,NA,NA
"3DD.003DEEC1AD",NA,2024-05-16 21:01:55,NA,2024-05-16 21:01:55,NA,NA,NA
"3DD.003DEEC1B1",NA,2024-05-17 03:23:23,2024-05-17 03:27:33,2024-05-17 03:23:23,NA,NA,NA
"3DD.003DEEC1B6",NA,2024-05-16 21:02:01,NA,2024-05-16 21:02:01,NA,NA,NA
"3DD.003DEEC1BE",NA,NA,2024-05-16 22:54:54,NA,NA,NA,NA
"3DD.003DEEC1C0",NA,NA,2024-05-16 21:14:33,NA,NA,NA,NA
"3DD.003DEEC1C1",NA,2024-05-16 21:00:26,NA,2024-05-16 21:00:26,NA,NA,NA
"3DD.003DEEC1C3",NA,2024-05-16 22:05:26,2024-05-16 22:08:56,2024-05-16 22:05:26,NA,NA,NA
"3DD.003DEEC1C4",NA,2024-05-16 21:13:33,NA,2024-05-16 21:13:33,NA,NA,NA
"3DD.003DEEC1C5",NA,2024-05-16 21:00:57,NA,2024-05-16 21:00:57,NA,NA,NA
"3DD.003DEEC1C6",NA,NA,2024-05-16 21:09:06,NA,NA,NA,NA
"3DD.003DEEC1CB",NA,2024-05-16 21:10:46,2024-05-16 21:15:19,2024-05-16 21:10:46,NA,NA,NA
"3DD.003DEEC1CC",NA,2024-05-16 21:07:36,NA,2024-05-16 21:07:36,NA,NA,NA
"3DD.003DEEC1D4",NA,2024-05-16 20:54:03,2024-05-16 20:57:41,2024-05-16 20:54:03,NA,NA,NA
"3DD.003DEEC1D5",NA,2024-05-16 22:08:30,NA,2024-05-16 22:08:30,NA,NA,NA
"3DD.003DEEC1D7",NA,2024-05-19 11:47:48,NA,2024-05-19 11:47:48,NA,NA,NA
"3DD.003DEEC1D9",NA,2024-05-16 21:20:39,2024-05-16 21:28:21,2024-05-16 21:20:39,NA,NA,NA
"3DD.003DEEC1DA",NA,2024-05-16 21:05:34,NA,2024-05-16 21:05:34,NA,NA,NA
"3DD.003DEEC1DC",NA,NA,2024-05-16 21:53:30,NA,NA,NA,NA
"3DD.003DEEC1DE",NA,2024-05-16 21:10:49,NA,2024-05-16 21:10:49,NA,NA,NA
"3DD.003DEEC1DF",NA,NA,2024-05-17 21:48:13,NA,NA,NA,NA
"3DD.003DEEC1E0",NA,NA,2024-05-16 21:16:02,NA,NA,NA,NA
"3DD.003DEEC1E5",NA,NA,2024-05-16 21:13:15,NA,NA,NA,NA
"3DD.003DEEC1E6",NA,NA,2024-05-16 21:10:11,NA,NA,NA,NA
"3DD.003DEEC1E9",NA,2024-05-16 21:08:27,NA,2024-05-16 21:08:27,NA,NA,NA
"3DD.003DEEC1EB",NA,2024-05-16 21:56:42,NA,2024-05-16 21:56:42,NA,NA,NA
"3DD.003DEEC1EC",NA,2024-05-16 22:13:13,2024-05-16 22:37:59,2024-05-16 22:13:13,NA,NA,NA
"3DD.003DEEC1ED",NA,2024-05-17 01:18:26,NA,2024-05-17 01:18:26,NA,NA,NA
"3DD.003DEEC1EE",NA,NA,2024-05-16 21:19:19,NA,NA,NA,NA
"3DD.003DEEC1F1",NA,NA,2024-05-16 21:08:39,NA,NA,NA,NA
"3DD.003DEEC1F4",2024-05-24 06:11:02,2024-05-24 06:11:02,NA,NA,NA,NA,NA
"3DD.003DEEC1F5",NA,2024-05-16 21:13:27,NA,2024-05-16 21:13:27,NA,NA,NA
"3DD.003DEEC1F8",NA,2024-05-16 20:52:10,2024-05-16 20:56:44,2024-05-16 20:52:10,NA,NA,NA
"3DD.003DEEC1F9",NA,NA,2024-05-16 21:26:11,NA,NA,NA,NA
"3DD.003DEEC1FB",NA,2024-05-17 03:48:21,NA,2024-05-17 03:48:21,NA,NA,NA
"3DD.003DEEC1FE",NA,2024-05-16 21:01:32,NA,2024-05-16 21:01:32,NA,NA,NA
"3DD.003DEEC200",NA,2024-05-16 21:05:53,2024-05-16 21:09:21,2024-05-16 21:05:53,NA,NA,NA
"3DD.003DEEC201",NA,NA,2024-05-16 22:28:19,NA,NA,NA,NA
"3DD.003DEEC203",NA,2024-05-16 21:17:34,NA,2024-05-16 21:17:34,NA,NA,NA
"3DD.003DEEC205",NA,NA,2024-05-16 21:08:24,NA,NA,NA,NA
"3DD.003DEEC207",2024-05-19 01:42:51,2024-05-19 01:42:51,NA,NA,NA,NA,NA
"3DD.003DEEC209",NA,2024-05-16 20:56:19,2024-05-16 21:00:05,2024-05-16 20:56:19,NA,NA,NA
"3DD.003DEEC20A",NA,NA,2024-05-16 21:10:51,NA,NA,NA,NA
"3DD.003DEEC20B",2024-05-22 02:18:13,2024-05-22 02:18:13,NA,NA,NA,NA,NA
"3DD.003DEEC20D",NA,2024-05-16 20:59:34,NA,2024-05-16 20:59:34,NA,NA,NA
"3DD.003DEEC216",NA,NA,2024-05-16 21:17:41,NA,NA,NA,NA
"3DD.003DEEC218",NA,NA,2024-05-16 21:11:26,NA,NA,NA,NA
"3DD.003DEEC219",NA,2024-05-16 21:06:43,NA,2024-05-16 21:06:43,NA,NA,NA
"3DD.003DEEC21C",NA,NA,2024-05-16 21:18:21,NA,NA,NA,NA
"3DD.003DEEC221",NA,2024-05-16 21:03:39,NA,2024-05-16 21:03:39,NA,NA,NA
"3DD.003DEEC224",NA,NA,2024-05-16 21:02:00,NA,NA,NA,NA
"3DD.003DEEC225",NA,2024-05-16 23:04:23,2024-05-16 23:07:57,2024-05-16 23:04:23,NA,NA,NA
"3DD.003DEEC22E",NA,2024-05-16 22:01:33,2024-05-16 22:04:47,2024-05-16 22:01:33,NA,NA,NA
"3DD.003DEEC234",NA,NA,2024-05-16 21:05:18,NA,NA,NA,NA
"3DD.003DEEC236",NA,2024-05-16 21:09:57,2024-05-16 21:13:33,2024-05-16 21:09:57,NA,NA,NA
"3DD.003DEEC237",NA,NA,2024-05-16 21:32:25,NA,NA,NA,NA
"3DD.003DEEC239",NA,NA,2024-05-16 21:14:19,NA,NA,NA,NA
"3DD.003DEEC23B",NA,2024-05-16 21:31:22,NA,2024-05-16 21:31:22,NA,NA,NA
"3DD.003DEEC23E",NA,NA,2024-05-16 21:05:07,NA,NA,NA,NA
"3DD.003DEEC240",NA,2024-05-16 21:10:23,NA,2024-05-16 21:10:23,NA,NA,NA
"3DD.003DEEC241",NA,2024-05-16 21:04:38,2024-05-16 21:08:05,2024-05-16 21:04:38,NA,NA,NA
"3DD.003DEEC243",NA,2024-05-16 22:14:03,NA,2024-05-16 22:14:03,NA,NA,NA
"3DD.003DEEC246",NA,NA,2024-05-16 21:38:27,NA,NA,NA,NA
"3DD.003DEEC248",NA,NA,2024-05-16 21:14:23,NA,NA,NA,NA
"3DD.003DEEC24E",NA,NA,2024-05-16 21:58:21,NA,NA,NA,NA
"3DD.003DEEC257",NA,NA,2024-05-16 21:08:29,NA,NA,NA,NA
"3DD.003DEEC258",NA,NA,2024-05-16 21:00:01,NA,NA,NA,NA
"3DD.003DEEC259",NA,2024-05-16 23:22:53,NA,2024-05-16 23:22:53,NA,NA,NA
"3DD.003DEEC25B",NA,NA,2024-05-16 21:11:49,NA,NA,NA,NA
"3DD.003DEEC25C",NA,NA,2024-05-16 21:07:39,NA,NA,NA,NA
"3DD.003DEEC263",NA,2024-05-16 21:07:42,2024-05-16 21:11:18,2024-05-16 21:07:42,NA,NA,NA
"3DD.003DEEC264",NA,NA,2024-05-16 21:19:42,NA,NA,NA,NA
"3DD.003DEEC265",NA,2024-05-16 21:19:23,NA,2024-05-16 21:19:23,NA,NA,NA
"3DD.003DEEC266",NA,NA,2024-05-16 22:08:06,NA,NA,NA,NA
"3DD.003DEEC267",NA,2024-05-16 20:50:42,NA,2024-05-16 20:50:42,NA,NA,NA
"3DD.003DEEC268",NA,NA,2024-05-16 21:13:06,NA,NA,NA,NA
"3DD.003DEEC26A",NA,NA,2024-05-16 21:14:00,NA,NA,NA,NA
"3DD.003DEEC26E",NA,NA,2024-05-16 21:22:57,NA,NA,NA,NA
"3DD.003DEEC26F",NA,NA,2024-05-16 21:40:11,NA,NA,NA,NA
"3DD.003DEEC271",NA,2024-05-16 21:13:31,2024-05-16 21:16:53,2024-05-16 21:13:31,NA,NA,NA
"3DD.003DEEC277",NA,2024-05-16 21:01:49,NA,2024-05-16 21:01:49,NA,NA,NA
"3DD.003E403CED",2024-06-10 06:28:33,2024-06-10 06:28:33,NA,NA,NA,NA,NA
"3DD.003E45C0AD",NA,2024-05-02 01:19:31,NA,2024-05-02 01:19:31,NA,NA,NA
"3DD.003E45C0AE",NA,NA,2024-05-01 21:07:02,NA,NA,NA,NA
"3DD.003E45C0B0",NA,2024-05-01 23:25:01,NA,2024-05-01 23:25:01,NA,NA,NA
"3DD.003E45C0B2",NA,2024-05-01 21:00:07,2024-05-01 21:02:57,2024-05-01 21:00:07,NA,NA,NA
"3DD.003E45C0B4",NA,2024-05-01 21:23:54,NA,2024-05-01 21:23:54,NA,NA,NA
"3DD.003E45C0B7",NA,2024-05-01 21:31:15,2024-05-01 21:34:27,2024-05-01 21:31:15,NA,NA,NA
"3DD.003E45C0B8",NA,NA,2024-05-02 04:56:40,NA,NA,NA,NA
"3DD.003E45C0B9",NA,2024-05-01 22:13:04,NA,2024-05-01 22:13:04,NA,NA,NA
"3DD.003E45C0BA",NA,NA,2024-05-01 21:35:08,NA,NA,NA,NA
"3DD.003E45C0BB",NA,NA,2024-05-01 22:00:05,NA,NA,NA,NA
"3DD.003E45C0BC",NA,2024-05-01 21:04:41,2024-05-01 21:08:25,2024-05-01 21:04:41,NA,NA,NA
"3DD.003E45C0BD",NA,2024-05-01 21:19:22,NA,2024-05-01 21:19:22,NA,NA,NA
"3DD.003E45C0BF",NA,NA,2024-05-02 01:24:13,NA,NA,NA,NA
"3DD.003E45C0C3",NA,2024-05-02 00:45:05,NA,2024-05-02 00:45:05,NA,NA,NA
"3DD.003E45C0C5",NA,NA,2024-05-01 21:06:47,NA,NA,NA,NA
"3DD.003E45C0C7",NA,NA,2024-05-01 21:06:37,NA,NA,NA,NA
"3DD.003E45C0C8",NA,2024-05-02 02:43:43,NA,2024-05-02 02:43:43,NA,NA,NA
"3DD.003E45C0CA",NA,NA,2024-05-01 23:48:52,NA,NA,NA,NA
"3DD.003E45C0CB",NA,NA,2024-05-01 23:37:24,NA,NA,NA,NA
"3DD.003E45C0CC",NA,2024-05-01 23:12:58,NA,2024-05-01 23:12:58,NA,NA,NA
"3DD.003E45C0CE",NA,NA,2024-05-02 03:20:02,NA,NA,NA,NA
"3DD.003E45C0CF",NA,NA,2024-05-02 05:25:48,NA,NA,NA,NA
"3DD.003E45C0D0",NA,2024-05-01 21:31:57,NA,2024-05-01 21:31:57,NA,NA,NA
"3DD.003E45C0D1",NA,NA,2024-05-01 21:06:35,NA,NA,NA,NA
"3DD.003E45C0D2",NA,NA,2024-05-01 21:34:14,NA,NA,NA,NA
"3DD.003E45C0D3",NA,2024-05-02 03:32:43,NA,2024-05-02 03:32:43,NA,NA,NA
"3DD.003E45C0D6",NA,2024-05-02 03:46:29,NA,2024-05-02 03:46:29,NA,NA,NA
"3DD.003E45C0D7",NA,NA,2024-05-02 18:16:19,NA,NA,NA,NA
"3DD.003E45C0D8",NA,NA,2024-05-01 21:56:07,NA,NA,NA,NA
"3DD.003E45C0DB",NA,2024-05-02 17:15:58,2024-05-19 09:46:18,2024-05-02 17:15:58,NA,NA,NA
"3DD.003E45C0DC",NA,2024-05-01 21:50:42,2024-05-01 21:53:38,2024-05-01 21:50:42,NA,NA,NA
"3DD.003E45C0DE",NA,2024-05-01 23:20:31,NA,2024-05-01 23:20:31,NA,NA,NA
"3DD.003E45C0DF",NA,NA,2024-05-01 21:12:53,NA,NA,NA,NA
"3DD.003E45C0E1",NA,2024-05-02 03:56:22,NA,2024-05-02 03:56:22,NA,NA,NA
"3DD.003E45C0E2",NA,NA,2024-05-02 04:06:09,NA,NA,NA,NA
"3DD.003E45C0E3",NA,2024-05-01 21:14:51,NA,2024-05-01 21:14:51,NA,NA,NA
"3DD.003E45C0E6",NA,2024-05-01 22:31:20,2024-05-01 22:34:49,2024-05-01 22:31:20,NA,NA,NA
"3DD.003E45C0E7",NA,2024-05-01 21:11:50,NA,2024-05-01 21:11:50,NA,NA,NA
"3DD.003E45C0E8",NA,2024-05-01 21:59:13,2024-05-01 22:02:00,2024-05-01 21:59:13,NA,NA,NA
"3DD.003E45C0E9",NA,2024-05-01 21:10:06,2024-05-01 21:13:02,2024-05-01 21:10:06,NA,NA,NA
"3DD.003E45C0EA",NA,2024-05-01 22:06:01,2024-05-01 22:09:01,2024-05-01 22:06:01,NA,NA,NA
"3DD.003E45C0EE",NA,NA,2024-05-01 21:39:32,NA,NA,NA,NA
"3DD.003E45C0F1",NA,NA,2024-05-02 01:08:50,NA,NA,NA,NA
"3DD.003E45C0F3",NA,2024-05-01 22:02:06,NA,2024-05-01 22:02:06,NA,NA,NA
"3DD.003E45C0F4",NA,2024-05-01 21:34:14,NA,2024-05-01 21:34:14,NA,NA,NA
"3DD.003E45C0F5",NA,NA,2024-05-01 21:49:07,NA,NA,NA,NA
"3DD.003E45C0F6",NA,2024-05-01 21:14:19,NA,2024-05-01 21:14:19,NA,NA,NA
"3DD.003E45C0F8",NA,2024-05-01 22:30:12,NA,2024-05-01 22:30:12,NA,NA,NA
"3DD.003E45C0FA",NA,2024-05-01 20:58:18,NA,2024-05-01 20:58:18,NA,NA,NA
"3DD.003E45C0FD",NA,2024-05-27 01:35:52,NA,2024-05-27 01:35:52,NA,NA,NA
"3DD.003E45C0FE",NA,2024-05-01 21:11:31,NA,2024-05-01 21:11:31,NA,NA,NA
"3DD.003E45C0FF",NA,2024-05-01 21:59:00,NA,2024-05-01 21:59:00,NA,NA,NA
"3DD.003E45C100",NA,2024-05-01 21:07:42,NA,2024-05-01 21:07:42,NA,NA,NA
"3DD.003E45C102",NA,NA,2024-05-01 21:41:14,NA,NA,NA,NA
"3DD.003E45C103",NA,NA,2024-05-01 21:42:31,NA,NA,NA,NA
"3DD.003E45C106",NA,2024-05-01 21:16:08,2024-05-01 21:18:52,2024-05-01 21:16:08,NA,NA,NA
"3DD.003E45C107",2024-05-04 15:02:44,2024-05-04 15:02:44,NA,NA,NA,NA,NA
"3DD.003E45C108",NA,2024-05-01 22:29:00,NA,2024-05-01 22:29:00,NA,NA,NA
"3DD.003E45C109",NA,2024-05-01 23:55:16,NA,2024-05-01 23:55:16,NA,NA,NA
"3DD.003E45C10A",NA,NA,2024-05-01 21:25:04,NA,NA,NA,NA
"3DD.003E45C10F",NA,NA,2024-05-01 23:54:13,NA,NA,NA,NA
"3DD.003E45C110",NA,2024-05-01 23:06:09,NA,2024-05-01 23:06:09,NA,NA,NA
"3DD.003E45C114",NA,NA,2024-05-01 20:54:45,NA,NA,NA,NA
"3DD.003E45C116",NA,NA,2024-05-01 21:21:51,NA,NA,NA,NA
"3DD.003E45C119",NA,2024-05-02 00:30:22,NA,2024-05-02 00:30:22,NA,NA,NA
"3DD.003E45C11B",NA,2024-05-02 03:23:23,2024-05-02 03:27:43,2024-05-02 03:23:23,NA,NA,NA
"3DD.003E45C11C",NA,NA,2024-05-02 02:18:15,NA,NA,NA,NA
"3DD.003E45C11D",NA,2024-05-01 20:51:33,2024-05-01 20:54:26,2024-05-01 20:51:33,NA,NA,NA
"3DD.003E45C11F",NA,2024-05-02 01:08:26,NA,2024-05-02 01:08:26,NA,NA,NA
"3DD.003E45C121",NA,NA,2024-05-01 22:52:05,NA,NA,NA,NA
"3DD.003E45C128",NA,2024-05-02 02:33:25,2024-05-02 02:38:24,2024-05-02 02:33:25,NA,NA,NA
"3DD.003E45C12D",NA,NA,2024-05-02 00:09:40,NA,NA,NA,NA
"3DD.003E45C12E",NA,NA,2024-05-02 07:42:31,NA,NA,NA,NA
"3DD.003E45C131",NA,NA,2024-05-01 21:36:06,NA,NA,NA,NA
"3DD.003E45C133",NA,2024-05-01 20:50:12,2024-05-01 20:53:07,2024-05-01 20:50:12,NA,NA,NA
"3DD.003E45C135",NA,NA,2024-05-01 21:30:22,NA,NA,NA,NA
"3DD.003E45C139",NA,2024-05-06 21:05:28,NA,2024-05-06 21:05:28,NA,NA,NA
"3DD.003E45C13A",NA,2024-05-01 21:23:58,2024-05-01 21:27:15,2024-05-01 21:23:58,NA,NA,NA
"3DD.003E45C13B",NA,NA,2024-05-01 21:05:50,NA,NA,NA,NA
"3DD.003E45C13F",NA,NA,2024-05-02 03:36:57,NA,NA,NA,NA
"3DD.003E45C140",NA,2024-05-01 20:51:03,NA,2024-05-01 20:51:03,NA,NA,NA
"3DD.003E45C143",NA,2024-05-02 01:03:55,2024-05-02 01:08:07,2024-05-02 01:03:55,NA,NA,NA
"3DD.003E45C144",2024-05-05 17:59:35,2024-05-05 17:59:35,2024-05-01 23:33:49,NA,NA,NA,NA
"3DD.003E45C145",NA,2024-05-01 21:25:17,2024-05-01 21:28:06,2024-05-01 21:25:17,NA,NA,NA
"3DD.003E45C146",NA,2024-05-01 21:12:23,NA,2024-05-01 21:12:23,NA,NA,NA
"3DD.003E45C14A",NA,2024-05-01 21:12:43,NA,2024-05-01 21:12:43,NA,NA,NA
"3DD.003E45C14C",NA,2024-05-01 20:51:12,2024-05-01 20:54:15,2024-05-01 20:51:12,NA,NA,NA
"3DD.003E45C150",NA,2024-05-01 21:56:47,2024-05-01 21:59:39,2024-05-01 21:56:47,NA,NA,NA
"3DD.003E45C152",NA,2024-05-01 20:51:39,2024-05-01 20:54:28,2024-05-01 20:51:39,NA,NA,NA
"3DD.003E45C153",NA,2024-05-02 03:46:34,NA,2024-05-02 03:46:34,NA,NA,NA
"3DD.003E45C157",NA,2024-05-02 02:34:46,NA,2024-05-02 02:34:46,NA,NA,NA
"3DD.003E45C158",NA,NA,2024-05-01 21:11:30,NA,NA,NA,NA
"3DD.003E45C15D",NA,NA,2024-05-01 21:09:32,NA,NA,NA,NA
"3DD.003E45C15E",NA,NA,2024-05-02 00:23:37,NA,NA,NA,NA
"3DD.003E45C15F",NA,NA,2024-05-02 03:04:29,NA,NA,NA,NA
"3DD.003E45C163",2024-05-08 19:26:59,2024-05-08 19:26:59,2024-05-01 20:53:50,NA,NA,NA,NA
"3DD.003E45C165",NA,NA,2024-05-01 21:51:36,NA,NA,NA,NA
"3DD.003E45C167",NA,2024-05-01 23:59:42,2024-05-02 00:03:25,2024-05-01 23:59:42,NA,NA,NA
"3DD.003E45C169",NA,NA,2024-05-01 22:34:00,NA,NA,NA,NA
"3DD.003E45C16C",NA,2024-05-01 22:55:30,2024-05-01 22:58:56,2024-05-01 22:55:30,NA,NA,NA
"3DD.003E45C16D",NA,NA,2024-05-01 21:20:36,NA,NA,NA,NA
"3DD.003E45C170",NA,NA,2024-05-01 21:16:03,NA,NA,NA,NA
"3DD.003E45C172",NA,NA,2024-05-02 02:25:04,NA,NA,NA,NA
"3DD.003E45C174",NA,2024-05-01 22:12:55,NA,2024-05-01 22:12:55,NA,NA,NA
"3DD.003E45C176",NA,2024-05-01 21:06:23,NA,2024-05-01 21:06:23,NA,NA,NA
"3DD.003E45C179",NA,2024-05-01 21:21:41,NA,2024-05-01 21:21:41,NA,NA,NA
"3DD.003E45C17C",NA,NA,2024-05-01 21:30:21,NA,NA,NA,NA
"3DD.003E45C17D",NA,NA,2024-05-01 22:16:25,NA,NA,NA,NA
"3DD.003E45C184",NA,NA,2024-05-01 21:12:28,NA,NA,NA,NA
"3DD.003E45C185",NA,NA,2024-05-01 21:07:39,NA,NA,NA,NA
"3DD.003E45C188",NA,NA,2024-05-19 11:19:20,NA,NA,NA,NA
"3DD.003E45C189",NA,2024-05-02 02:20:54,NA,2024-05-02 02:20:54,NA,NA,NA
"3DD.003E45C18B",NA,2024-05-01 22:38:21,NA,2024-05-01 22:38:21,NA,NA,NA
"3DD.003E45C18D",NA,NA,2024-05-01 21:25:54,NA,NA,NA,NA
"3DD.003E45C18E",NA,NA,2024-05-01 20:56:59,NA,NA,NA,NA
"3DD.003E45C190",NA,2024-05-02 02:17:32,NA,2024-05-02 02:17:32,NA,NA,NA
"3DD.003E45C191",NA,NA,2024-05-02 08:45:53,NA,NA,NA,NA
"3DD.003E45C192",NA,2024-05-01 21:22:05,NA,2024-05-01 21:22:05,NA,NA,NA
"3DD.003E45C195",NA,NA,2024-05-01 21:18:02,NA,NA,NA,NA
"3DD.003E45C199",NA,2024-05-01 20:56:48,NA,2024-05-01 20:56:48,NA,NA,NA
"3DD.003E45C19A",NA,2024-05-01 21:18:26,2024-05-01 21:21:08,2024-05-01 21:18:26,NA,NA,NA
"3DD.003E45C19B",2024-05-26 20:52:35,2024-05-01 21:11:02,NA,2024-05-01 21:11:02,NA,NA,NA
"3DD.003E45C19C",NA,NA,2024-05-02 03:58:20,NA,NA,NA,NA
"3DD.003E45C19D",NA,NA,2024-05-01 21:05:18,NA,NA,NA,NA
"3DD.003E45C19E",NA,2024-05-02 05:32:15,NA,2024-05-02 05:32:15,NA,NA,NA
"3DD.003E45C19F",NA,2024-05-01 22:38:51,NA,2024-05-01 22:38:51,NA,NA,NA
"3DD.003E45C1A0",NA,2024-05-01 21:21:52,NA,2024-05-01 21:21:52,NA,NA,NA
"3DD.003E45C1A1",NA,NA,2024-05-01 21:16:11,NA,NA,NA,NA
"3DD.003E45C1A7",NA,2024-05-01 21:57:43,NA,2024-05-01 21:57:43,NA,NA,NA
"3DD.003E45C1A9",NA,2024-05-01 21:33:08,NA,2024-05-01 21:33:08,NA,NA,NA
"3DD.003E45C1AB",NA,2024-05-01 21:17:04,NA,2024-05-01 21:17:04,NA,NA,NA
"3DD.003E45C1AC",NA,NA,2024-05-02 00:18:16,NA,NA,NA,NA
"3DD.003E45C1AF",NA,NA,2024-05-01 21:16:53,NA,NA,NA,NA
"3DD.003E45C1B1",NA,2024-05-02 04:07:55,NA,2024-05-02 04:07:55,NA,NA,NA
"3DD.003E45C1B2",NA,2024-05-01 22:07:29,2024-05-01 22:10:35,2024-05-01 22:07:29,NA,NA,NA
"3DD.003E45C1B3",NA,NA,2024-05-01 21:22:21,NA,NA,NA,NA
"3DD.003E45C1B8",NA,2024-05-01 20:59:11,NA,2024-05-01 20:59:11,NA,NA,NA
"3DD.003E45C1BC",NA,2024-05-01 22:08:50,NA,2024-05-01 22:08:50,NA,NA,NA
"3DD.003E45C1BE",NA,2024-05-01 23:12:07,NA,2024-05-01 23:12:07,NA,NA,NA
"3DD.003E45C1BF",NA,NA,2024-05-01 21:59:31,NA,NA,NA,NA
"3DD.003E45C1C0",NA,NA,2024-05-01 23:05:50,NA,NA,NA,NA
"3DD.003E45C1C2",NA,2024-05-01 21:02:23,NA,2024-05-01 21:02:23,NA,NA,NA
"3DD.003E45C1C3",NA,NA,2024-05-02 04:15:55,NA,NA,NA,NA
"3DD.003E45C1C5",NA,2024-05-01 22:17:03,NA,2024-05-01 22:17:03,NA,NA,NA
"3DD.003E45C1CB",NA,2024-05-01 21:52:55,NA,2024-05-01 21:52:55,NA,NA,NA
"3DD.003E45C1CC",NA,2024-05-01 22:23:51,NA,2024-05-01 22:23:51,NA,NA,NA
"3DD.003E45C1CE",NA,NA,2024-05-01 21:41:38,NA,NA,NA,NA
"3DD.003E45C1D0",NA,2024-05-02 01:39:06,NA,2024-05-02 01:39:06,NA,NA,NA
"3DD.003E45C1D4",NA,2024-05-01 21:39:32,2024-05-01 21:42:12,2024-05-01 21:39:32,NA,NA,NA
"3DD.003E45C1D6",NA,2024-05-01 22:03:19,NA,2024-05-01 22:03:19,NA,NA,NA
"3DD.003E45C1D7",NA,2024-05-01 21:15:31,NA,2024-05-01 21:15:31,NA,NA,NA
"3DD.003E45C1D8",NA,2024-05-01 21:30:41,NA,2024-05-01 21:30:41,NA,NA,NA
"3DD.003E45C1DA",NA,2024-05-01 21:25:48,2024-05-01 21:28:38,2024-05-01 21:25:48,NA,NA,NA
"3DD.003E45C1DC",NA,NA,2024-05-01 21:10:28,NA,NA,NA,NA
"3DD.003E45C1DD",NA,NA,2024-05-01 21:24:45,NA,NA,NA,NA
"3DD.003E45C1DE",NA,NA,2024-05-01 23:10:47,NA,NA,NA,NA
"3DD.003E45C1DF",NA,2024-05-02 01:54:19,NA,2024-05-02 01:54:19,NA,NA,NA
"3DD.003E45C1E0",NA,NA,2024-05-01 22:22:40,NA,NA,NA,NA
"3DD.003E45C1E5",NA,NA,2024-05-01 21:00:26,NA,NA,NA,NA
"3DD.003E45C1E6",NA,2024-05-02 03:13:44,2024-05-02 03:17:16,2024-05-02 03:13:44,NA,NA,NA
"3DD.003E45C1E8",NA,2024-05-02 00:59:18,NA,2024-05-02 00:59:18,NA,NA,NA
"3DD.003E45C1EA",NA,2024-05-01 22:31:58,NA,2024-05-01 22:31:58,NA,NA,NA
"3DD.003E45C1EC",NA,2024-05-01 21:19:24,NA,2024-05-01 21:19:24,NA,NA,NA
"3DD.003E45C1ED",NA,2024-05-01 23:52:44,2024-05-01 23:56:23,2024-05-01 23:52:44,NA,NA,NA
"3DD.003E45C1F0",NA,2024-05-01 20:54:36,NA,2024-05-01 20:54:36,NA,NA,NA
"3DD.003E45C1F1",NA,2024-05-01 21:06:33,2024-05-01 21:09:19,2024-05-01 21:06:33,NA,NA,NA
"3DD.003E45C1F3",NA,2024-05-01 23:13:57,2024-05-01 23:17:07,2024-05-01 23:13:57,NA,NA,NA
"3DD.003E45C1FB",NA,2024-05-01 20:51:05,NA,2024-05-01 20:51:05,NA,NA,NA
"3DD.003E45C1FC",NA,2024-05-01 21:43:32,2024-05-01 21:46:16,2024-05-01 21:43:32,NA,NA,NA
"3DD.003E45C1FE",NA,NA,2024-05-01 22:25:39,NA,NA,NA,NA
"3DD.003E45C200",NA,NA,2024-05-01 21:22:38,NA,NA,NA,NA
"3DD.003E45C202",NA,2024-05-02 17:55:52,NA,2024-05-02 17:55:52,NA,NA,NA
"3DD.003E45C203",NA,2024-05-01 23:03:30,NA,2024-05-01 23:03:30,NA,NA,NA
"3DD.003E45C204",NA,2024-05-02 02:13:12,NA,2024-05-02 02:13:12,NA,NA,NA
"3DD.003E45C208",NA,NA,2024-05-01 21:27:21,NA,NA,NA,NA
"3DD.003E45C20A",NA,NA,2024-05-01 22:07:33,NA,NA,NA,NA
"3DD.003E45C20C",NA,NA,2024-05-01 21:17:46,NA,NA,NA,NA
"3DD.003E45C20D",NA,2024-05-01 22:13:14,NA,2024-05-01 22:13:14,NA,NA,NA
"3DD.003E45C20F",NA,NA,2024-05-01 22:01:26,NA,NA,NA,NA
"3DD.003E45C211",NA,2024-05-01 21:31:12,NA,2024-05-01 21:31:12,NA,NA,NA
"3DD.003E45C213",NA,2024-05-01 20:52:01,NA,2024-05-01 20:52:01,NA,NA,NA
"3DD.003E45C214",NA,2024-05-01 21:42:38,2024-05-01 21:45:21,2024-05-01 21:42:38,NA,NA,NA
"3DD.003E45C215",NA,2024-05-02 02:09:01,NA,2024-05-02 02:09:01,NA,NA,NA
"3DD.003E45C219",NA,2024-05-01 21:22:51,NA,2024-05-01 21:22:51,NA,NA,NA
"3DD.003E45C21A",NA,NA,2024-05-02 02:37:38,NA,NA,NA,NA
"3DD.003E45C21D",NA,2024-05-01 21:30:18,NA,2024-05-01 21:30:18,NA,NA,NA
"3DD.003E45C21E",NA,2024-05-01 21:34:50,NA,2024-05-01 21:34:50,NA,NA,NA
"3DD.003E45C21F",NA,2024-05-01 20:50:24,2024-05-01 20:53:25,2024-05-01 20:50:24,NA,NA,NA
"3DD.003E45C220",NA,NA,2024-05-01 22:00:21,NA,NA,NA,NA
"3DD.003E45C221",NA,2024-05-01 22:11:58,NA,2024-05-01 22:11:58,NA,NA,NA
"3DD.003E45C222",NA,2024-05-01 23:36:55,NA,2024-05-01 23:36:55,NA,NA,NA
"3DD.003E45C223",NA,2024-05-01 21:04:50,2024-05-01 21:07:42,2024-05-01 21:04:50,NA,NA,NA
"3DD.003E45C224",NA,2024-05-02 01:20:32,NA,2024-05-02 01:20:32,NA,NA,NA
"3DD.003E45C229",NA,2024-05-02 03:57:03,NA,2024-05-02 03:57:03,NA,NA,NA
"3DD.003E45C22A",NA,2024-05-01 22:00:16,2024-05-01 22:03:09,2024-05-01 22:00:16,NA,NA,NA
"3DD.003E45C22B",NA,2024-05-01 21:05:05,2024-05-01 21:08:03,2024-05-01 21:05:05,NA,NA,NA
"3DD.003E45C22C",NA,NA,2024-05-01 21:05:10,NA,NA,NA,NA
"3DD.003E45C22D",NA,NA,2024-05-01 22:43:13,NA,NA,NA,NA
"3DD.003E45C22F",NA,2024-05-01 21:16:50,NA,2024-05-01 21:16:50,NA,NA,NA
"3DD.003E45C235",NA,2024-05-01 21:25:59,2024-05-01 21:29:06,2024-05-01 21:25:59,NA,NA,NA
"3DD.003E45C237",NA,NA,2024-05-01 21:43:39,NA,NA,NA,NA
"3DD.003E45C23A",NA,2024-05-01 21:22:09,2024-05-01 21:25:16,2024-05-01 21:22:09,NA,NA,NA
"3DD.003E45C23B",NA,2024-05-02 03:10:17,NA,2024-05-02 03:10:17,NA,NA,NA
"3DD.003E45C23C",NA,2024-05-02 01:24:18,NA,2024-05-02 01:24:18,NA,NA,NA
"3DD.003E45C23E",NA,2024-05-02 03:05:09,NA,2024-05-02 03:05:09,NA,NA,NA
"3DD.003E45C23F",NA,2024-05-01 21:38:23,NA,2024-05-01 21:38:23,NA,NA,NA
"3DD.003E45C241",NA,2024-05-02 21:17:12,2024-05-02 21:20:11,2024-05-02 21:17:12,NA,NA,NA
"3DD.003E45C24A",NA,2024-05-01 21:29:38,2024-05-01 21:32:37,2024-05-01 21:29:38,NA,NA,NA
"3DD.003E45C24B",NA,NA,2024-05-02 02:17:13,NA,NA,NA,NA
"3DD.003E45C24C",NA,NA,2024-05-01 23:24:36,NA,NA,NA,NA
"3DD.003E45C24D",NA,2024-05-01 21:10:58,2024-05-01 21:13:54,2024-05-01 21:10:58,NA,NA,NA
"3DD.003E45C256",NA,NA,2024-05-01 21:01:03,NA,NA,NA,NA
"3DD.003E45C25A",NA,2024-05-02 01:39:28,2024-05-02 01:44:04,2024-05-02 01:39:28,NA,NA,NA
"3DD.003E45C25B",NA,NA,2024-05-01 21:50:57,NA,NA,NA,NA
"3DD.003E45C25D",NA,2024-05-01 21:14:55,NA,2024-05-01 21:14:55,NA,NA,NA
"3DD.003E45C25E",NA,NA,2024-05-01 22:14:44,NA,NA,NA,NA
"3DD.003E45C261",NA,2024-05-01 21:31:48,NA,2024-05-01 21:31:48,NA,NA,NA
"3DD.003E45C262",NA,2024-05-01 21:15:25,NA,2024-05-01 21:15:25,NA,NA,NA
"3DD.003E45C263",NA,2024-05-02 01:05:03,NA,2024-05-02 01:05:03,NA,NA,NA
"3DD.003E45C266",NA,NA,2024-05-08 00:44:59,NA,NA,NA,NA
"3DD.003E45C269",NA,2024-05-01 22:27:13,NA,2024-05-01 22:27:13,NA,NA,NA
"3DD.003E45C26A",NA,2024-05-02 01:03:52,NA,2024-05-02 01:03:52,NA,NA,NA
"3DD.003E45C26C",NA,2024-05-02 01:35:42,2024-05-02 01:39:55,2024-05-02 01:35:42,NA,NA,NA
"3DD.003E45C270",NA,NA,2024-05-01 21:07:52,NA,NA,NA,NA
"3DD.003E45C271",NA,NA,2024-05-01 22:54:04,NA,NA,NA,NA
"3DD.003E45C272",NA,2024-05-01 22:08:25,NA,2024-05-01 22:08:25,NA,NA,NA
"3DD.003E45C273",NA,2024-05-01 21:21:39,NA,2024-05-01 21:21:39,NA,NA,NA
"3DD.003E45C274",NA,2024-05-01 20:51:07,NA,2024-05-01 20:51:07,NA,NA,NA
"3DD.003E45C276",2024-05-06 05:36:53,2024-05-06 05:36:53,2024-05-01 21:04:30,NA,NA,NA,NA
"3DD.003E45C278",NA,2024-05-02 05:46:37,NA,2024-05-02 05:46:37,NA,NA,NA
"3DD.003E45C27C",NA,2024-05-01 21:46:51,2024-05-01 21:49:41,2024-05-01 21:46:51,NA,NA,NA
"3DD.003E45C27E",NA,2024-05-02 04:09:17,NA,2024-05-02 04:09:17,NA,NA,NA
"3DD.003E45C27F",NA,2024-05-01 21:07:44,2024-05-01 21:10:49,2024-05-01 21:07:44,NA,NA,NA
"3DD.003E45C280",NA,NA,2024-05-02 02:23:08,NA,NA,NA,NA
"3DD.003E45C282",NA,NA,2024-05-01 21:07:48,NA,NA,NA,NA
"3DD.003E45C284",NA,2024-05-02 22:09:09,NA,2024-05-02 22:09:09,NA,NA,NA
"3DD.003E45C285",NA,2024-05-01 21:21:35,NA,2024-05-01 21:21:35,NA,NA,NA
"3DD.003E45C286",NA,NA,2024-05-01 21:20:59,NA,NA,NA,NA
"3DD.003E45C287",NA,2024-05-02 01:19:30,NA,2024-05-02 01:19:30,NA,NA,NA
"3DD.003E45C28B",NA,2024-05-01 21:21:49,NA,2024-05-01 21:21:49,NA,NA,NA
"3DD.003E45C28C",NA,NA,2024-05-02 02:14:42,NA,NA,NA,NA
"3DD.003E45C28D",NA,NA,2024-05-01 21:07:17,NA,NA,NA,NA
"3DD.003E45C292",NA,2024-05-01 20:55:04,NA,2024-05-01 20:55:04,NA,NA,NA
"3DD.003E45C293",NA,2024-05-01 22:49:49,2024-05-01 22:52:54,2024-05-01 22:49:49,NA,NA,NA
"3DD.003E45C296",NA,2024-05-01 21:27:03,NA,2024-05-01 21:27:03,NA,NA,NA
"3DD.003E45C297",NA,2024-05-02 03:55:43,2024-05-02 03:59:31,2024-05-02 03:55:43,NA,NA,NA
"3DD.003E45C29C",NA,2024-05-01 21:18:59,NA,2024-05-01 21:18:59,NA,NA,NA
"3DD.003E45C29D",NA,NA,2024-05-01 21:04:19,NA,NA,NA,NA
"3DD.0077C2D696",2024-05-10 09:49:45,2024-05-10 09:49:45,NA,NA,NA,NA,NA
"3DD.0078D162CB",NA,NA,2024-06-06 17:13:40,NA,NA,NA,NA
"3DD.0078D162DC",NA,2024-06-09 03:10:48,NA,2024-06-09 03:10:48,NA,NA,NA
"3DD.0078D162DD",NA,2024-07-20 09:02:35,NA,2024-07-20 09:02:35,NA,NA,NA
"3DD.0078D162E8",NA,2024-06-09 00:05:25,NA,2024-06-09 00:05:25,NA,NA,NA
"3DD.0078D1630B",NA,2024-06-08 13:06:42,NA,2024-06-08 13:06:42,NA,NA,NA
"3DD.0078D1632F",NA,2024-07-12 09:13:46,NA,2024-07-12 09:13:46,NA,NA,NA
"3DD.0078D16338",NA,2024-07-11 23:02:30,NA,2024-07-11 23:02:30,NA,NA,NA
"3DD.0078D1634B",NA,NA,NA,NA,2024-06-11 07:27:07,NA,NA
"3DD.0078D16359",NA,2024-06-08 14:32:24,NA,2024-06-08 14:32:24,NA,NA,NA
"3DD.0078D16376",NA,2024-06-17 23:32:24,NA,2024-06-17 23:32:24,NA,NA,NA
"3DD.0078D1637A",NA,2024-06-21 04:01:56,NA,2024-06-21 04:01:56,NA,NA,NA
"3DD.0078D1637E",NA,NA,2024-06-08 14:25:04,NA,NA,NA,NA
"3DD.0078D16388",NA,2024-06-19 02:40:45,NA,2024-06-19 02:40:45,NA,NA,NA
"3DD.0078D16394",NA,NA,2024-06-05 22:32:41,NA,NA,NA,NA
"3DD.0078D16396",NA,2024-05-30 22:30:28,NA,2024-05-30 22:30:28,NA,NA,NA
"3DD.0078D16399",NA,2024-05-31 01:26:45,NA,2024-05-31 01:26:45,NA,NA,NA
"3DD.0078D1639B",NA,2024-05-30 22:19:20,NA,2024-05-30 22:19:20,NA,NA,NA
"3DD.0078D163A1",NA,2024-05-30 22:05:07,2024-05-30 22:08:12,2024-05-30 22:05:07,NA,NA,NA
"3DD.0078D163A3",NA,2024-05-31 03:02:58,NA,2024-05-31 03:02:58,NA,NA,NA
"3DD.0078D163A4",NA,2024-05-31 03:25:59,NA,2024-05-31 03:25:59,NA,NA,NA
"3DD.0078D163A7",NA,2024-05-31 00:20:37,2024-05-31 00:25:01,2024-05-31 00:20:37,NA,NA,NA
"3DD.0078D163AB",NA,NA,2024-06-05 18:17:06,NA,NA,NA,NA
"3DD.0078D163AE",2024-06-07 22:42:20,2024-05-30 21:43:46,NA,2024-05-30 21:43:46,NA,NA,NA
"3DD.0078D163B5",NA,NA,2024-05-30 23:00:46,NA,NA,NA,NA
"3DD.0078D163B8",NA,2024-05-30 23:37:13,NA,2024-05-30 23:37:13,NA,NA,NA
"3DD.0078D163B9",NA,2024-05-31 02:01:31,2024-05-31 02:04:43,2024-05-31 02:01:31,NA,NA,NA
"3DD.0078D163BD",NA,NA,2024-05-30 22:29:33,NA,NA,NA,NA
"3DD.0078D163BF",NA,NA,2024-05-30 23:26:43,NA,NA,NA,NA
"3DD.0078D163C3",NA,2024-05-30 21:41:39,2024-05-30 21:46:01,2024-05-30 21:41:39,NA,NA,NA
"3DD.0078D163C4",NA,NA,2024-05-30 22:14:49,NA,NA,NA,NA
"3DD.0078D163C6",NA,2024-05-30 22:26:51,NA,2024-05-30 22:26:51,NA,NA,NA
"3DD.0078D163CB",NA,2024-05-30 23:13:12,NA,2024-05-30 23:13:12,NA,NA,NA
"3DD.0078D163CD",NA,2024-06-15 23:21:51,NA,2024-06-15 23:21:51,NA,NA,NA
"3DD.0078D163CE",NA,NA,2024-05-31 02:58:34,NA,NA,NA,NA
"3DD.0078D163CF",NA,NA,2024-06-04 21:52:36,NA,NA,NA,NA
"3DD.0078D163D0",NA,NA,2024-05-30 21:49:41,NA,NA,NA,NA
"3DD.0078D163D8",NA,NA,2024-05-30 22:16:53,NA,NA,NA,NA
"3DD.0078D163DB",NA,2024-05-31 01:11:29,2024-05-31 01:15:57,2024-05-31 01:11:29,NA,NA,NA
"3DD.0078D163DE",NA,2024-05-30 22:38:59,2024-05-30 22:42:34,2024-05-30 22:38:59,NA,NA,NA
"3DD.0078D163DF",NA,NA,2024-05-30 23:36:45,NA,NA,NA,NA
"3DD.0078D163E0",NA,NA,2024-05-31 04:40:36,NA,NA,NA,NA
"3DD.0078D163E4",NA,2024-05-31 00:25:34,NA,2024-05-31 00:25:34,NA,NA,NA
"3DD.0078D163E6",NA,2024-06-13 22:01:24,NA,2024-06-13 22:01:24,NA,NA,NA
"3DD.0078D163E7",NA,NA,2024-05-30 22:23:47,NA,NA,NA,NA
"3DD.0078D163E9",NA,NA,2024-05-30 23:27:55,NA,NA,NA,NA
"3DD.0078D163EA",NA,2024-05-30 22:19:03,NA,2024-05-30 22:19:03,NA,NA,NA
"3DD.0078D163EB",NA,2024-05-31 02:10:38,NA,2024-05-31 02:10:38,NA,NA,NA
"3DD.0078D163F1",NA,2024-05-30 23:35:19,NA,2024-05-30 23:35:19,NA,NA,NA
"3DD.0078D163F4",NA,NA,2024-05-30 22:16:19,NA,NA,NA,NA
"3DD.0078D163F6",NA,2024-05-30 22:22:38,2024-05-30 22:25:52,2024-05-30 22:22:38,NA,NA,NA
"3DD.0078D163F9",NA,NA,2024-05-30 23:35:05,NA,NA,NA,NA
"3DD.0078D163FA",NA,2024-05-30 21:38:26,2024-05-30 21:41:27,2024-05-30 21:38:26,NA,NA,NA
"3DD.0078D163FB",NA,2024-07-06 17:13:20,NA,2024-07-06 17:13:20,NA,NA,NA
"3DD.0078D163FE",NA,NA,2024-05-30 22:02:41,NA,NA,NA,NA
"3DD.0078D16402",NA,NA,2024-05-31 02:36:27,NA,NA,NA,NA
"3DD.0078D16406",NA,NA,2024-05-30 22:56:41,NA,NA,NA,NA
"3DD.0078D16408",NA,NA,2024-05-30 21:44:58,NA,NA,NA,NA
"3DD.0078D16413",NA,NA,2024-05-31 02:40:25,NA,NA,NA,NA
"3DD.0078D16414",NA,2024-06-04 21:22:02,2024-06-04 21:26:19,2024-06-04 21:22:02,NA,NA,NA
"3DD.0078D16415",NA,NA,2024-05-31 00:11:51,NA,NA,NA,NA
"3DD.0078D16416",NA,NA,2024-05-31 03:44:11,NA,NA,NA,NA
"3DD.0078D16417",NA,2024-05-30 22:22:01,NA,2024-05-30 22:22:01,NA,NA,NA
"3DD.0078D16418",2024-06-06 22:04:51,2024-05-30 22:04:07,2024-05-30 22:07:29,2024-05-30 22:04:07,NA,NA,NA
"3DD.0078D16419",NA,2024-05-31 04:17:03,2024-05-31 04:26:00,2024-05-31 04:17:03,NA,NA,NA
"3DD.0078D1641E",NA,2024-05-30 22:43:10,2024-05-31 02:46:28,2024-05-30 22:43:10,NA,NA,NA
"3DD.0078D16421",NA,NA,2024-05-30 23:21:50,NA,NA,NA,NA
"3DD.0078D16428",NA,NA,2024-05-30 21:17:56,NA,NA,NA,NA
"3DD.0078D16429",NA,2024-05-30 22:21:48,NA,2024-05-30 22:21:48,NA,NA,NA
"3DD.0078D1642A",NA,2024-05-30 22:24:22,NA,2024-05-30 22:24:22,NA,NA,NA
"3DD.0078D1642C",NA,2024-05-30 22:11:33,2024-05-30 22:14:43,2024-05-30 22:11:33,NA,NA,NA
"3DD.0078D1642F",NA,2024-05-31 05:00:54,NA,2024-05-31 05:00:54,NA,NA,NA
"3DD.0078D16430",NA,2024-05-30 22:34:00,2024-05-30 22:37:20,2024-05-30 22:34:00,NA,NA,NA
"3DD.0078D16431",NA,2024-05-30 21:27:12,2024-05-30 21:30:03,2024-05-30 21:27:12,NA,NA,NA
"3DD.0078D16434",NA,NA,2024-05-30 22:31:57,NA,NA,NA,NA
"3DD.0078D16435",NA,2024-05-30 22:46:17,NA,2024-05-30 22:46:17,NA,NA,NA
"3DD.0078D16438",NA,2024-05-30 22:32:10,NA,2024-05-30 22:32:10,NA,NA,NA
"3DD.0078D16439",NA,NA,2024-05-31 02:34:10,NA,NA,NA,NA
"3DD.0078D1643B",NA,2024-05-30 22:14:18,NA,2024-05-30 22:14:18,NA,NA,NA
"3DD.0078D1643D",NA,NA,2024-05-30 22:55:52,NA,NA,NA,NA
"3DD.0078D1643E",NA,2024-05-30 22:09:12,2024-05-30 22:12:36,2024-05-30 22:09:12,NA,NA,NA
"3DD.0078D16444",NA,NA,2024-05-31 04:29:05,NA,NA,NA,NA
"3DD.0078D16448",NA,NA,2024-05-31 00:04:15,NA,NA,NA,NA
"3DD.0078D1644A",NA,NA,2024-05-31 06:09:34,NA,NA,NA,NA
"3DD.0078D16452",NA,2024-05-31 03:17:36,NA,2024-05-31 03:17:36,NA,NA,NA
"3DD.0078D16455",NA,2024-06-08 01:23:09,NA,2024-06-08 01:23:09,NA,NA,NA
"3DD.0078D16459",NA,NA,2024-05-31 01:33:51,NA,NA,NA,NA
"3DD.0078D1645A",NA,NA,2024-05-30 23:57:38,NA,NA,NA,NA
"3DD.0078D1645F",NA,NA,2024-06-05 20:31:44,NA,NA,NA,NA
"3DD.0078D16460",NA,NA,2024-05-30 23:22:43,NA,NA,NA,NA
"3DD.0078D16468",NA,2024-05-31 02:59:07,NA,2024-05-31 02:59:07,NA,NA,NA
"3DD.0078D1646A",NA,NA,2024-05-30 22:23:24,NA,NA,NA,NA
"3DD.0078D1646C",NA,NA,2024-05-31 03:41:08,NA,NA,NA,NA
"3DD.0078D1646D",NA,NA,2024-05-30 23:35:07,NA,NA,NA,NA
"3DD.0078D1646F",NA,2024-05-30 22:15:37,2024-05-30 22:18:40,2024-05-30 22:15:37,NA,NA,NA
"3DD.0078D16475",NA,NA,2024-05-30 22:27:08,NA,NA,NA,NA
"3DD.0078D16476",NA,NA,2024-05-31 04:52:36,NA,NA,NA,NA
"3DD.0078D16479",NA,2024-05-31 02:02:05,2024-05-31 02:05:35,2024-05-31 02:02:05,NA,NA,NA
"3DD.0078D1647A",NA,NA,2024-06-05 22:08:52,NA,NA,NA,NA
"3DD.0078D1647E",NA,2024-06-05 22:47:22,2024-06-05 22:50:03,2024-06-05 22:47:22,NA,NA,NA
"3DD.0078D16481",NA,2024-06-06 05:18:30,NA,2024-06-06 05:18:30,NA,NA,NA
"3DD.0078D16482",NA,NA,2024-05-30 22:24:49,NA,NA,NA,NA
"3DD.0078D16484",NA,2024-05-30 22:31:41,NA,2024-05-30 22:31:41,NA,NA,NA
"3DD.0078D1648D",NA,2024-05-30 22:12:32,NA,2024-05-30 22:12:32,NA,NA,NA
"3DD.0078D1648F",NA,NA,2024-05-30 21:53:27,NA,NA,NA,NA
"3DD.0078D16490",NA,2024-06-07 04:58:58,NA,2024-06-07 04:58:58,NA,NA,NA
"3DD.0078D16493",NA,2024-05-30 23:59:28,NA,2024-05-30 23:59:28,NA,NA,NA
"3DD.0078D16494",NA,2024-05-31 00:26:43,NA,2024-05-31 00:26:43,NA,NA,NA
"3DD.0078D16498",NA,NA,2024-05-31 03:25:42,NA,NA,NA,NA
"3DD.0078D1649C",NA,2024-05-31 04:12:16,NA,2024-05-31 04:12:16,NA,NA,NA
"3DD.0078D1649E",NA,NA,2024-06-05 11:56:47,NA,NA,NA,NA
"3DD.0078D164A6",NA,NA,2024-05-31 05:11:10,NA,NA,NA,NA
"3DD.0078D164A7",NA,2024-05-30 22:28:55,2024-05-30 22:33:38,2024-05-30 22:28:55,NA,NA,NA
"3DD.0078D164A9",NA,NA,2024-05-31 01:11:09,NA,NA,NA,NA
"3DD.0078D164AF",NA,2024-06-04 21:19:59,2024-06-04 22:24:38,2024-06-04 21:19:59,NA,NA,NA
"3DD.0078D164B0",NA,NA,2024-05-30 21:37:26,NA,NA,NA,NA
"3DD.0078D164B4",NA,2024-05-30 23:43:37,NA,2024-05-30 23:43:37,NA,NA,NA
"3DD.0078D164B7",NA,2024-05-31 02:55:00,NA,2024-05-31 02:55:00,NA,NA,NA
"3DD.0078D164BE",NA,2024-05-30 22:11:20,NA,2024-05-30 22:11:20,NA,NA,NA
"3DD.0078D164D3",NA,NA,2024-06-07 18:37:41,NA,NA,NA,NA
"3DD.0078D164DD",NA,2024-06-06 23:50:17,NA,2024-06-06 23:50:17,NA,NA,NA
"3DD.0078D164E2",NA,2024-06-08 02:13:53,NA,2024-06-08 02:13:53,NA,NA,NA
"3DD.0078D164EC",NA,2024-06-21 15:27:03,NA,2024-06-21 15:27:03,NA,NA,NA
"3DD.0078D164F4",NA,NA,2024-06-07 03:28:43,NA,NA,NA,NA
"3DD.0078D164FF",NA,2024-06-01 05:32:11,NA,2024-06-01 05:32:11,NA,NA,NA
"3DD.0078D16500",2024-06-08 20:28:53,2024-06-08 20:28:53,NA,NA,NA,NA,NA
"3DD.0078D16503",NA,NA,2024-06-08 21:53:38,NA,NA,NA,NA
"3DD.0078D16504",NA,2024-06-06 11:54:31,NA,2024-06-06 11:54:31,NA,NA,NA
"3DD.0078D16509",NA,NA,2024-06-06 03:05:47,NA,NA,NA,NA
"3DD.0078D1650A",NA,NA,NA,NA,2024-05-30 22:53:45,NA,NA
"3DD.0078D1650E",NA,NA,2024-06-05 20:29:56,NA,NA,NA,NA
"3DD.0078D16514",NA,NA,NA,NA,2024-06-04 10:36:06,NA,NA
"3DD.0078D16516",2024-06-06 21:44:59,2024-06-06 21:44:59,NA,NA,NA,NA,NA
"3DD.0078D1652C",NA,2024-06-28 19:48:41,NA,2024-06-28 19:48:41,NA,NA,NA
"3DD.0078D16530",NA,NA,2024-06-10 04:17:31,NA,NA,NA,NA
"3DD.0078D16544",2024-06-10 21:33:34,2024-06-10 21:33:34,NA,NA,NA,NA,NA
"3DD.0078D16551",NA,2024-06-08 17:57:27,NA,2024-06-08 17:57:27,NA,NA,NA
"3DD.0078D16554",NA,NA,2024-08-03 21:30:26,NA,NA,NA,NA
"3DD.0078D1655B",NA,NA,2024-06-08 16:41:09,NA,NA,NA,NA
"3DD.0078D1657E",NA,2024-07-03 21:07:54,2024-07-03 21:11:35,2024-07-03 21:07:54,NA,NA,NA
"3DD.0078D16581",NA,NA,2024-06-30 22:05:54,NA,NA,NA,NA
"3DD.0078D16586",NA,NA,2024-06-27 01:08:46,NA,NA,NA,NA
"3DD.0078D16588",NA,NA,NA,NA,2024-06-06 10:47:25,NA,NA
"3DD.0078D1658C",NA,NA,2024-06-06 20:55:30,NA,NA,NA,NA
"3DD.0078D1659C",NA,NA,2024-06-09 04:44:12,NA,NA,NA,NA
"3DD.0078D165CF",NA,NA,2024-06-08 15:02:21,NA,NA,NA,NA
"3DD.0078D165D3",NA,2024-06-16 07:51:37,NA,2024-06-16 07:51:37,NA,NA,NA
"3DD.0078D165D7",NA,2024-06-25 23:33:51,NA,2024-06-25 23:33:51,NA,NA,NA
"3DD.0078D165E5",NA,2024-06-15 23:00:40,NA,2024-06-15 23:00:40,NA,NA,NA
"3DD.0078D165FA",NA,2024-06-12 02:30:09,NA,2024-06-12 02:30:09,NA,NA,NA
"3DD.0078D165FD",NA,2024-06-11 22:09:03,NA,2024-06-11 22:09:03,NA,NA,NA
"3DD.0078D16603",NA,2024-06-11 22:52:33,NA,2024-06-11 22:52:33,NA,NA,NA
"3DD.0078D16608",NA,2024-06-15 21:13:21,NA,2024-06-15 21:13:21,NA,NA,NA
"3DD.0078D1660D",NA,2024-06-11 23:16:43,NA,2024-06-11 23:16:43,NA,NA,NA
"3DD.0078D16612",NA,2024-06-11 21:35:10,NA,2024-06-11 21:35:10,NA,NA,NA
"3DD.0078D16615",NA,2024-06-12 00:54:09,NA,2024-06-12 00:54:09,NA,NA,NA
"3DD.0078D16616",NA,2024-06-11 23:02:56,NA,2024-06-11 23:02:56,NA,NA,NA
"3DD.0078D1661A",NA,2024-06-12 01:41:00,NA,2024-06-12 01:41:00,NA,NA,NA
"3DD.0078D1661E",NA,NA,2024-07-04 17:40:39,NA,NA,NA,NA
"3DD.0078D16623",NA,2024-06-11 21:49:13,NA,2024-06-11 21:49:13,NA,NA,NA
"3DD.0078D1662A",NA,2024-06-11 22:21:00,NA,2024-06-11 22:21:00,NA,NA,NA
"3DD.0078D16631",NA,2024-06-11 22:05:08,NA,2024-06-11 22:05:08,NA,NA,NA
"3DD.0078D16632",NA,2024-06-17 01:20:21,NA,2024-06-17 01:20:21,NA,NA,NA
"3DD.0078D1663A",NA,2024-06-11 21:38:18,NA,2024-06-11 21:38:18,NA,NA,NA
"3DD.0078D1663C",NA,2024-06-12 03:47:02,NA,2024-06-12 03:47:02,NA,NA,NA
"3DD.0078D1664B",NA,2024-06-15 23:48:53,NA,2024-06-15 23:48:53,NA,NA,NA
"3DD.0078D1664F",NA,2024-07-05 20:20:19,2024-07-05 17:02:53,2024-07-05 20:20:19,NA,NA,NA
"3DD.0078D16653",NA,2024-06-11 22:42:05,NA,2024-06-11 22:42:05,NA,NA,NA
"3DD.0078D16658",NA,2024-06-11 22:10:19,NA,2024-06-11 22:10:19,NA,NA,NA
"3DD.0078D1665F",NA,2024-06-11 23:00:30,NA,2024-06-11 23:00:30,NA,NA,NA
"3DD.0078D16665",NA,2024-06-11 21:24:15,NA,2024-06-11 21:24:15,NA,NA,NA
"3DD.0078D16668",NA,2024-06-11 22:35:21,NA,2024-06-11 22:35:21,NA,NA,NA
"3DD.0078D1666C",NA,2024-06-11 23:59:53,NA,2024-06-11 23:59:53,NA,NA,NA
"3DD.0078D1666D",NA,2024-06-15 05:11:24,NA,2024-06-15 05:11:24,NA,NA,NA
"3DD.0078D16679",NA,2024-06-11 23:28:07,NA,2024-06-11 23:28:07,NA,NA,NA
"3DD.0078D1667A",NA,2024-06-12 04:13:19,NA,2024-06-12 04:13:19,NA,NA,NA
"3DD.0078D1667B",NA,2024-06-12 00:56:46,NA,2024-06-12 00:56:46,NA,NA,NA
"3DD.0078D1667C",NA,2024-06-11 21:48:02,NA,2024-06-11 21:48:02,NA,NA,NA
"3DD.0078D16689",NA,2024-06-13 03:42:31,NA,2024-06-13 03:42:31,NA,NA,NA
"3DD.0078D1668E",NA,2024-06-12 02:09:25,NA,2024-06-12 02:09:25,NA,NA,NA
"3DD.0078D1668F",NA,2024-06-11 22:55:53,NA,2024-06-11 22:55:53,NA,NA,NA
"3DD.0078D16692",NA,2024-06-11 22:21:32,NA,2024-06-11 22:21:32,NA,NA,NA
"3DD.0078D16695",NA,2024-06-12 13:00:00,NA,2024-06-12 13:00:00,NA,NA,NA
"3DD.0078D16699",NA,2024-06-14 22:30:05,2024-07-03 05:05:27,2024-06-14 22:30:05,NA,NA,NA
"3DD.0078D1669A",NA,2024-06-11 23:14:33,NA,2024-06-11 23:14:33,NA,NA,NA
"3DD.0078D1669C",NA,2024-06-11 22:46:59,NA,2024-06-11 22:46:59,NA,NA,NA
"3DD.0078D166A0",NA,2024-06-11 22:58:24,NA,2024-06-11 22:58:24,NA,NA,NA
"3DD.0078D166A3",NA,2024-06-11 21:28:03,NA,2024-06-11 21:28:03,NA,NA,NA
"3DD.0078D166A6",NA,2024-06-12 04:49:39,NA,2024-06-12 04:49:39,NA,NA,NA
"3DD.0078D166AC",NA,2024-06-12 01:05:21,NA,2024-06-12 01:05:21,NA,NA,NA
"3DD.0078D166AF",NA,NA,2024-07-03 05:17:07,NA,NA,NA,NA
"3DD.0078D166C6",NA,2024-06-12 02:11:35,NA,2024-06-12 02:11:35,NA,NA,NA
"3DD.0078D166CC",NA,2024-06-11 23:21:08,NA,2024-06-11 23:21:08,NA,NA,NA
"3DD.0078D166D5",NA,2024-06-11 21:53:46,NA,2024-06-11 21:53:46,NA,NA,NA
"3DD.0078D166D8",NA,2024-06-12 04:44:52,NA,2024-06-12 04:44:52,NA,NA,NA
"3DD.0078D166E1",NA,2024-06-12 02:55:25,NA,2024-06-12 02:55:25,NA,NA,NA
"3DD.0078D166E5",NA,NA,2024-06-23 18:24:29,NA,NA,NA,NA
"3DD.0078D166E6",NA,2024-06-11 22:25:53,NA,2024-06-11 22:25:53,NA,NA,NA
"3DD.0078D166E7",NA,2024-06-11 22:03:11,NA,2024-06-11 22:03:11,NA,NA,NA
"3DD.0078D166EA",NA,2024-06-11 22:50:10,NA,2024-06-11 22:50:10,NA,NA,NA
"3DD.0078D166EC",NA,2024-06-11 22:50:46,NA,2024-06-11 22:50:46,NA,NA,NA
"3DD.0078D166EE",NA,2024-06-11 22:40:49,NA,2024-06-11 22:40:49,NA,NA,NA
"3DD.0078D166F2",NA,2024-06-22 03:01:36,NA,2024-06-22 03:01:36,NA,NA,NA
"3DD.0078D166F6",NA,2024-06-16 02:31:05,NA,2024-06-16 02:31:05,NA,NA,NA
"3DD.0078D166F8",NA,2024-06-12 00:02:34,NA,2024-06-12 00:02:34,NA,NA,NA
"3DD.0078D16701",NA,2024-06-14 20:50:38,NA,2024-06-14 20:50:38,NA,NA,NA
"3DD.0078D16706",NA,2024-06-11 22:41:37,NA,2024-06-11 22:41:37,NA,NA,NA
"3DD.0078D1670A",NA,2024-06-15 23:36:07,NA,2024-06-15 23:36:07,NA,NA,NA
"3DD.0078D1670C",NA,2024-06-11 22:11:27,NA,2024-06-11 22:11:27,NA,NA,NA
"3DD.0078D16710",NA,2024-07-08 21:59:36,NA,2024-07-08 21:59:36,NA,NA,NA
"3DD.0078D16711",NA,2024-06-12 03:53:30,NA,2024-06-12 03:53:30,NA,NA,NA
"3DD.0078D16712",NA,2024-06-12 04:53:57,NA,2024-06-12 04:53:57,NA,NA,NA
"3DD.0078D16716",NA,2024-06-13 07:49:51,NA,2024-06-13 07:49:51,NA,NA,NA
"3DD.0078D1671D",NA,2024-06-12 05:02:40,NA,2024-06-12 05:02:40,NA,NA,NA
"3DD.0078D16722",NA,2024-06-11 22:49:08,NA,2024-06-11 22:49:08,NA,NA,NA
"3DD.0078D16729",NA,2024-06-12 02:42:26,NA,2024-06-12 02:42:26,NA,NA,NA
"3DD.0078D1672D",NA,2024-06-11 23:35:34,NA,2024-06-11 23:35:34,NA,NA,NA
"3DD.0078D16732",NA,NA,2024-06-23 06:22:24,NA,NA,NA,NA
"3DD.0078D1673C",NA,2024-06-11 23:10:47,NA,2024-06-11 23:10:47,NA,NA,NA
"3DD.0078D1673F",NA,2024-06-11 21:41:41,NA,2024-06-11 21:41:41,NA,NA,NA
"3DD.0078D16746",NA,2024-06-15 20:34:24,NA,2024-06-15 20:34:24,NA,NA,NA
"3DD.0078D16749",NA,2024-06-11 23:10:55,NA,2024-06-11 23:10:55,NA,NA,NA
"3DD.0078D1674C",NA,2024-06-11 22:53:20,NA,2024-06-11 22:53:20,NA,NA,NA
"3DD.0078D1674F",NA,2024-06-11 22:12:34,NA,2024-06-11 22:12:34,NA,NA,NA
"3DD.0078D16754",NA,2024-06-11 22:40:50,NA,2024-06-11 22:40:50,NA,NA,NA
"3DD.0078D1675B",NA,2024-06-11 22:05:58,NA,2024-06-11 22:05:58,NA,NA,NA
"3DD.0078D1675D",NA,2024-06-12 01:25:52,NA,2024-06-12 01:25:52,NA,NA,NA
"3DD.0078D1675F",NA,2024-06-11 23:43:47,NA,2024-06-11 23:43:47,NA,NA,NA
"3DD.0078D16760",NA,2024-06-11 22:54:23,NA,2024-06-11 22:54:23,NA,NA,NA
"3DD.0078D16764",NA,2024-06-12 00:32:16,NA,2024-06-12 00:32:16,NA,NA,NA
"3DD.0078D16766",NA,2024-06-11 22:23:52,NA,2024-06-11 22:23:52,NA,NA,NA
"3DD.0078D16768",NA,2024-06-11 23:44:05,NA,2024-06-11 23:44:05,NA,NA,NA
"3DD.0078D1676B",NA,2024-06-11 22:04:17,NA,2024-06-11 22:04:17,NA,NA,NA
"3DD.0078D16772",NA,2024-06-11 22:50:36,NA,2024-06-11 22:50:36,NA,NA,NA
"3DD.0078D16777",NA,2024-06-11 22:45:41,NA,2024-06-11 22:45:41,NA,NA,NA
"3DD.0078D1677C",NA,NA,2024-05-30 22:34:49,NA,NA,NA,NA
"3DD.0078D1677F",NA,2024-05-31 05:05:21,NA,2024-05-31 05:05:21,NA,NA,NA
"3DD.0078D16781",NA,2024-05-31 01:38:12,NA,2024-05-31 01:38:12,NA,NA,NA
"3DD.0078D16786",NA,2024-05-31 01:16:47,2024-05-31 01:20:29,2024-05-31 01:16:47,NA,NA,NA
"3DD.0078D16789",NA,2024-05-30 23:33:36,2024-05-30 23:38:02,2024-05-30 23:33:36,NA,NA,NA
"3DD.0078D1678E",NA,NA,2024-06-08 20:34:01,NA,NA,NA,NA
"3DD.0078D1678F",NA,2024-06-02 23:05:02,NA,2024-06-02 23:05:02,NA,NA,NA
"3DD.0078D16791",NA,NA,2024-06-01 08:58:15,NA,NA,NA,NA
"3DD.0078D16792",NA,2024-05-30 22:23:43,NA,2024-05-30 22:23:43,NA,NA,NA
"3DD.0078D16793",NA,2024-05-30 23:20:25,NA,2024-05-30 23:20:25,NA,NA,NA
"3DD.0078D16794",NA,NA,2024-05-30 21:43:55,NA,NA,NA,NA
"3DD.0078D16797",NA,2024-05-30 22:27:53,NA,2024-05-30 22:27:53,NA,NA,NA
"3DD.0078D1679C",NA,NA,2024-05-30 22:53:05,NA,NA,NA,NA
"3DD.0078D1679D",NA,2024-06-03 21:43:46,NA,2024-06-03 21:43:46,NA,NA,NA
"3DD.0078D1679E",NA,NA,2024-06-09 22:54:49,NA,NA,NA,NA
"3DD.0078D167A1",NA,2024-05-31 00:08:00,NA,2024-05-31 00:08:00,NA,NA,NA
"3DD.0078D167A4",NA,NA,2024-06-04 22:51:11,NA,NA,NA,NA
"3DD.0078D167AA",NA,2024-05-30 22:14:51,NA,2024-05-30 22:14:51,NA,NA,NA
"3DD.0078D167AC",NA,2024-05-31 00:13:38,NA,2024-05-31 00:13:38,NA,NA,NA
"3DD.0078D167AE",NA,NA,2024-05-30 22:06:30,NA,NA,NA,NA
"3DD.0078D167B0",NA,2024-05-30 22:11:30,NA,2024-05-30 22:11:30,NA,NA,NA
"3DD.0078D167B3",NA,2024-05-31 00:01:28,NA,2024-05-31 00:01:28,NA,NA,NA
"3DD.0078D167B4",NA,2024-05-31 03:03:55,NA,2024-05-31 03:03:55,NA,NA,NA
"3DD.0078D167B7",NA,2024-05-31 03:57:53,2024-05-31 04:00:45,2024-05-31 03:57:53,NA,NA,NA
"3DD.0078D167BE",NA,NA,2024-05-31 05:51:01,NA,NA,NA,NA
"3DD.0078D167C0",NA,NA,2024-05-30 22:57:11,NA,NA,NA,NA
"3DD.0078D167C1",NA,NA,2024-05-31 06:50:41,NA,NA,NA,NA
"3DD.0078D167C3",NA,2024-05-30 22:50:09,NA,2024-05-30 22:50:09,NA,NA,NA
"3DD.0078D167C4",NA,2024-05-30 21:34:30,NA,2024-05-30 21:34:30,NA,NA,NA
"3DD.0078D167C6",NA,2024-05-31 00:00:15,NA,2024-05-31 00:00:15,NA,NA,NA
"3DD.0078D167C7",NA,NA,2024-05-30 23:32:30,NA,NA,NA,NA
"3DD.0078D167C8",NA,NA,2024-05-30 22:18:46,NA,NA,NA,NA
"3DD.0078D167CB",NA,NA,2024-05-30 22:25:31,NA,NA,NA,NA
"3DD.0078D167CC",NA,2024-06-06 03:16:49,NA,2024-06-06 03:16:49,NA,NA,NA
"3DD.0078D167D8",2024-06-07 20:33:36,2024-06-07 20:33:36,NA,NA,NA,NA,NA
"3DD.0078D167DD",NA,NA,2024-05-30 21:55:47,NA,NA,NA,NA
"3DD.0078D167DE",NA,NA,2024-05-30 21:44:55,NA,NA,NA,NA
"3DD.0078D16804",NA,NA,2024-06-29 04:10:02,NA,NA,NA,NA
"3DD.0078D16807",NA,NA,2024-06-06 09:52:50,NA,NA,NA,NA
"3DD.0078D1680C",NA,2024-06-17 13:34:49,NA,2024-06-17 13:34:49,NA,NA,NA
"3DD.0078D16813",NA,NA,2024-06-28 20:55:26,NA,NA,NA,NA
"3DD.0078D16816",NA,NA,2024-06-05 18:52:29,NA,NA,NA,NA
"3DD.0078D16824",NA,2024-06-20 08:11:45,NA,2024-06-20 08:11:45,NA,NA,NA
"3DD.0078D16829",NA,2024-06-19 23:14:28,NA,2024-06-19 23:14:28,NA,NA,NA
"3DD.0078D16831",NA,NA,2024-06-06 02:55:35,NA,NA,NA,NA
"3DD.0078D16856",2024-06-06 20:42:19,2024-06-06 20:42:19,NA,NA,NA,NA,NA
"3DD.0078D1686C",NA,2024-06-05 21:56:24,NA,2024-06-05 21:56:24,NA,NA,NA
"3DD.0078D1686E",NA,2024-06-10 00:22:08,NA,2024-06-10 00:22:08,NA,NA,NA
"3DD.0078D1688D",NA,NA,2024-05-31 15:19:57,NA,NA,NA,NA
"3DD.0078D1688E",NA,2024-06-06 00:30:47,NA,2024-06-06 00:30:47,NA,NA,NA
"3DD.0078D1688F",NA,NA,2024-06-04 00:40:59,NA,NA,NA,NA
"3DD.0078D16891",NA,NA,2024-05-31 20:49:51,NA,NA,NA,NA
"3DD.0078D1689D",NA,NA,2024-06-07 01:17:02,NA,NA,NA,NA
"3DD.0078D168A0",NA,2024-06-14 04:32:28,NA,2024-06-14 04:32:28,NA,NA,NA
"3DD.0078D168B0",NA,2024-06-15 00:59:35,NA,2024-06-15 00:59:35,NA,NA,NA
"3DD.0078D168B1",NA,2024-06-12 23:17:46,NA,2024-06-12 23:17:46,NA,NA,NA
"3DD.0078D168B2",NA,NA,2024-05-31 21:56:15,NA,NA,NA,NA
"3DD.0078D168B9",NA,NA,2024-06-05 21:07:58,NA,NA,NA,NA
"3DD.0078D168C2",NA,2024-06-09 21:47:42,2024-06-09 21:51:24,2024-06-09 21:47:42,NA,NA,NA
"3DD.0078D168C9",NA,2024-05-31 22:39:21,NA,2024-05-31 22:39:21,NA,NA,NA
"3DD.0078D168D4",NA,2024-05-31 04:42:16,NA,2024-05-31 04:42:16,NA,NA,NA
"3DD.0078D168D8",NA,2024-06-07 03:05:44,NA,2024-06-07 03:05:44,NA,NA,NA
"3DD.0078D168DA",NA,2024-05-31 08:31:22,NA,2024-05-31 08:31:22,NA,NA,NA
"3DD.0078D168DF",NA,NA,NA,NA,2024-06-02 12:53:30,NA,NA
"3DD.0078D168E0",NA,2024-06-04 21:56:57,NA,2024-06-04 21:56:57,NA,NA,NA
"3DD.0078D168E4",NA,2024-06-05 23:35:46,NA,2024-06-05 23:35:46,NA,NA,NA
"3DD.0078D1690A",NA,NA,NA,2024-06-08 21:10:44,NA,NA,NA
"3DD.0078D16911",NA,2024-06-03 21:22:06,NA,2024-06-03 21:22:06,NA,NA,NA
"3DD.0078D16913",NA,2024-06-03 22:33:54,NA,2024-06-03 22:33:54,NA,NA,NA
"3DD.0078D16919",NA,2024-07-15 06:20:40,NA,2024-07-15 06:20:40,NA,NA,NA
"3DD.0078D1691B",NA,NA,2024-06-01 05:23:31,NA,NA,NA,NA
"3DD.0078D1691F",NA,2024-05-31 21:20:15,NA,2024-05-31 21:20:15,NA,NA,NA
"3DD.0078D16924",2024-06-07 20:30:26,2024-06-07 20:30:26,NA,NA,NA,NA,NA
"3DD.0078D16929",NA,NA,NA,NA,2024-06-04 10:36:02,NA,NA
"3DD.0078D1692A",NA,2024-06-03 20:18:39,NA,2024-06-03 20:18:39,NA,NA,NA
"3DD.0078D1692D",NA,NA,2024-06-05 21:03:01,NA,NA,NA,NA
"3DD.0078D1692F",NA,2024-06-02 23:18:51,NA,2024-06-02 23:18:51,NA,NA,NA
"3DD.0078D16930",NA,NA,NA,NA,2024-06-04 10:36:00,NA,NA
"3DD.0078D16931",NA,NA,NA,NA,2024-06-02 12:53:24,NA,NA
"3DD.0078D1693C",NA,NA,NA,NA,2024-06-09 15:21:09,NA,NA
"3DD.0078D16940",NA,NA,2024-06-02 21:47:43,NA,NA,NA,NA
"3DD.0078D16941",NA,NA,2024-06-05 22:29:42,NA,NA,NA,NA
"3DD.0078D16949",NA,NA,2024-06-09 00:16:47,NA,NA,NA,NA
"3DD.0078D1694C",NA,NA,NA,NA,2024-06-02 12:53:22,NA,NA
"3DD.0078D16954",NA,NA,NA,NA,2024-06-02 12:53:27,NA,NA
"3DD.0078D16956",NA,2024-06-11 22:21:39,NA,2024-06-11 22:21:39,NA,NA,NA
"3DD.0078D1695E",NA,2024-06-05 22:42:54,NA,2024-06-05 22:42:54,NA,NA,NA
"3DD.0078D1696C",NA,2024-06-01 22:37:58,NA,2024-06-01 22:37:58,NA,NA,NA
"3DD.0078D16974",NA,2024-06-14 03:58:03,NA,2024-06-14 03:58:03,NA,NA,NA
"3DD.0078D16978",NA,2024-06-04 02:29:15,NA,2024-06-04 02:29:15,NA,NA,NA
"3DD.0078D16979",NA,NA,2024-06-08 23:56:29,NA,NA,NA,NA
"3DD.0078D16982",NA,2024-05-31 04:56:24,NA,2024-05-31 04:56:24,NA,NA,NA
"3DD.0078D16984",NA,NA,2024-06-03 18:57:47,NA,NA,NA,NA
"3DD.0078D16992",NA,NA,2024-06-04 08:43:41,NA,NA,NA,NA
"3DD.0078D16997",NA,2024-06-05 22:47:59,NA,2024-06-05 22:47:59,NA,NA,NA
"3DD.0078D169A1",NA,2024-06-04 06:00:22,NA,2024-06-04 06:00:22,NA,NA,NA
"3DD.0078D169AB",NA,2024-05-31 04:37:30,NA,2024-05-31 04:37:30,NA,NA,NA
"3DD.0078D169B7",NA,2024-06-05 23:25:55,NA,2024-06-05 23:25:55,NA,NA,NA
"3DD.0078D169BC",NA,NA,2024-06-04 21:33:14,NA,NA,NA,NA
"3DD.0078D169D8",NA,2024-06-26 00:31:50,NA,2024-06-26 00:31:50,NA,NA,NA
"3DD.0078D169D9",NA,2024-06-12 00:48:22,NA,2024-06-12 00:48:22,NA,NA,NA
"3DD.0078D169DD",NA,2024-06-07 01:18:19,NA,2024-06-07 01:18:19,NA,NA,NA
"3DD.0078D169E6",NA,NA,2024-06-08 01:20:51,NA,NA,NA,NA
"3DD.0078D169EC",NA,2024-06-18 21:57:55,NA,2024-06-18 21:57:55,NA,NA,NA
"3DD.0078D169ED",NA,2024-06-20 06:23:04,NA,2024-06-20 06:23:04,NA,NA,NA
"3DD.0078D169EE",NA,2024-06-20 02:46:14,NA,2024-06-20 02:46:14,NA,NA,NA
"3DD.0078D16A00",NA,2024-06-14 22:44:51,NA,2024-06-14 22:44:51,NA,NA,NA
"3DD.0078D16A06",NA,2024-06-15 20:42:54,NA,2024-06-15 20:42:54,NA,NA,NA
"3DD.0078D16A14",NA,NA,2024-06-08 17:32:38,NA,NA,NA,NA
"3DD.0078D16A1B",NA,NA,2024-07-13 03:09:59,NA,NA,NA,NA
"3DD.0078D16A20",NA,2024-07-07 04:06:21,NA,2024-07-07 04:06:21,NA,NA,NA
"3DD.0078D16A25",NA,2024-06-14 23:13:25,NA,2024-06-14 23:13:25,NA,NA,NA
"3DD.0078D16A2F",NA,NA,2024-06-04 22:28:03,NA,NA,NA,NA
"3DD.0078D16A74",NA,2024-06-16 06:47:15,NA,2024-06-16 06:47:15,NA,NA,NA
"3DD.0078D16AB8",NA,2024-06-17 00:27:32,NA,2024-06-17 00:27:32,NA,NA,NA
"3DD.0078D16ABD",NA,2024-06-19 22:54:09,NA,2024-06-19 22:54:09,NA,NA,NA
"3DD.0078D16AC4",NA,2024-06-20 04:52:47,NA,2024-06-20 04:52:47,NA,NA,NA
"3DD.0078D16ACC",NA,2024-06-24 15:09:09,NA,2024-06-24 15:09:09,NA,NA,NA
"3DD.0078D16B08",NA,2024-06-18 20:55:50,NA,2024-06-18 20:55:50,NA,NA,NA
"3DD.0078D16B0C",NA,2024-06-20 21:52:20,NA,2024-06-20 21:52:20,NA,NA,NA
"3DD.0078D16B0F",NA,NA,2024-06-08 18:23:29,NA,NA,NA,NA
"3DD.0078D16B20",NA,NA,2024-06-09 03:15:19,NA,NA,NA,NA
"3DD.0078D16B2C",NA,NA,2024-06-07 00:04:39,NA,NA,NA,NA
"3DD.0078D16B4C",NA,2024-06-11 22:58:14,NA,2024-06-11 22:58:14,NA,NA,NA
"3DD.0078D16B68",NA,NA,2024-06-07 22:31:44,NA,NA,NA,NA
"3DD.0078D16B79",NA,NA,NA,NA,2024-06-06 23:13:58,NA,NA
"3DD.0078D16B7E",NA,2024-06-08 04:14:49,NA,2024-06-08 04:14:49,NA,NA,NA
"3DD.0078D16B8B",NA,2024-07-27 08:16:51,NA,2024-07-27 08:16:51,NA,NA,NA
"3DD.0078D16B93",NA,NA,2024-06-07 02:46:12,NA,NA,NA,NA
"3DD.0078D16BA8",NA,NA,2024-06-26 05:46:20,NA,NA,NA,NA
"3DD.0078D16BAA",NA,2024-07-05 04:04:25,NA,2024-07-05 04:04:25,NA,NA,NA
"3DD.0078D16BD6",NA,2024-07-02 23:49:08,2024-07-02 23:53:12,2024-07-02 23:49:08,NA,NA,NA
"3DD.0078D16BD9",NA,NA,2024-06-25 09:45:11,NA,NA,NA,NA
"3DD.0078D16BDD",NA,NA,NA,NA,2024-06-08 02:55:55,NA,NA
"3DD.0078D16BE2",NA,NA,2024-06-08 20:28:29,NA,NA,NA,NA
"3DD.0078D16BED",NA,NA,2024-07-04 00:23:49,NA,NA,NA,NA
"3DD.0078D16BEF",NA,2024-06-07 04:44:59,NA,2024-06-07 04:44:59,NA,NA,NA
"3DD.0078D16C0A",NA,NA,2024-06-09 00:22:25,NA,NA,NA,NA
"3DD.0078D16C2F",NA,2024-05-31 01:55:37,NA,2024-05-31 01:55:37,NA,NA,NA
"3DD.0078D16C32",NA,NA,2024-05-30 22:42:35,NA,NA,NA,NA
"3DD.0078D16C36",NA,NA,2024-06-06 06:00:56,NA,NA,NA,NA
"3DD.0078D16C39",NA,2024-05-30 23:03:02,NA,2024-05-30 23:03:02,NA,NA,NA
"3DD.0078D16C3B",NA,2024-05-30 22:14:31,2024-05-30 22:17:39,2024-05-30 22:14:31,NA,NA,NA
"3DD.0078D16C3E",NA,2024-05-31 04:36:06,NA,2024-05-31 04:36:06,NA,NA,NA
"3DD.0078D16C41",NA,2024-06-06 21:35:33,NA,2024-06-06 21:35:33,NA,NA,NA
"3DD.0078D16C45",NA,2024-05-31 02:12:08,NA,2024-05-31 02:12:08,NA,NA,NA
"3DD.0078D16C47",NA,NA,2024-05-31 04:21:52,NA,NA,NA,NA
"3DD.0078D16C4A",NA,2024-05-30 23:52:28,NA,2024-05-30 23:52:28,NA,NA,NA
"3DD.0078D16C4C",NA,2024-05-30 22:42:25,NA,2024-05-30 22:42:25,NA,NA,NA
"3DD.0078D16C4E",NA,2024-06-07 01:51:20,NA,2024-06-07 01:51:20,NA,NA,NA
"3DD.0078D16C52",NA,2024-05-31 03:43:34,2024-05-31 03:46:50,2024-05-31 03:43:34,NA,NA,NA
"3DD.0078D16C54",NA,NA,2024-05-31 03:10:51,NA,NA,NA,NA
"3DD.0078D16C56",NA,2024-05-30 22:38:55,NA,2024-05-30 22:38:55,NA,NA,NA
"3DD.0078D16C58",NA,2024-05-31 02:01:27,2024-05-31 02:05:55,2024-05-31 02:01:27,NA,NA,NA
"3DD.0078D16C59",NA,NA,2024-06-01 05:18:57,NA,NA,NA,NA
"3DD.0078D16C5A",NA,NA,2024-05-30 21:14:53,NA,NA,NA,NA
"3DD.0078D16C60",NA,NA,2024-06-01 19:24:54,NA,NA,NA,NA
"3DD.0078D16C61",NA,NA,2024-05-30 23:35:54,NA,NA,NA,NA
"3DD.0078D16C62",NA,2024-05-31 21:26:09,NA,2024-05-31 21:26:09,NA,NA,NA
"3DD.0078D16C66",NA,NA,2024-05-31 08:45:07,NA,NA,NA,NA
"3DD.0078D16C68",NA,NA,2024-05-31 05:42:47,NA,NA,NA,NA
"3DD.0078D16C6A",NA,NA,2024-05-31 04:42:53,NA,NA,NA,NA
"3DD.0078D16C6D",NA,NA,2024-05-31 04:39:48,NA,NA,NA,NA
"3DD.0078D16C6F",NA,NA,2024-05-30 22:07:55,NA,NA,NA,NA
"3DD.0078D16C70",NA,NA,2024-05-31 04:25:12,NA,NA,NA,NA
"3DD.0078D16C72",NA,2024-05-31 01:14:49,NA,2024-05-31 01:14:49,NA,NA,NA
"3DD.0078D16C7D",NA,NA,2024-05-30 21:56:44,NA,NA,NA,NA
"3DD.0078D16C80",NA,2024-05-30 21:49:47,NA,2024-05-30 21:49:47,NA,NA,NA
"3DD.0078D16C81",2024-06-06 19:05:52,2024-06-06 19:05:52,NA,NA,NA,NA,NA
"3DD.0078D16C87",NA,2024-05-30 21:28:46,NA,2024-05-30 21:28:46,NA,NA,NA
"3DD.0078D16C89",NA,2024-05-31 02:54:51,NA,2024-05-31 02:54:51,NA,NA,NA
"3DD.0078D16C8B",NA,2024-05-30 22:11:26,NA,2024-05-30 22:11:26,NA,NA,NA
"3DD.0078D16C8C",NA,NA,2024-05-30 23:28:24,NA,NA,NA,NA
"3DD.0078D16C8D",NA,2024-05-31 02:23:02,NA,2024-05-31 02:23:02,NA,NA,NA
"3DD.0078D16C8E",NA,NA,2024-06-06 07:29:38,NA,NA,NA,NA
"3DD.0078D16C8F",NA,2024-05-31 05:20:44,NA,2024-05-31 05:20:44,NA,NA,NA
"3DE.0000492A5D",NA,NA,NA,2024-04-28 21:08:16,NA,NA,NA
"3DE.00009FB795",NA,NA,NA,2024-05-09 12:29:53,NA,NA,NA
"3DE.00009FB797",NA,NA,NA,2024-05-08 09:49:55,NA,NA,NA
"3DE.00009FB798",NA,NA,NA,2024-05-10 21:15:58,NA,NA,NA
"3DE.00009FB799",NA,NA,NA,2024-05-08 16:22:24,NA,NA,NA
"3DE.00009FB7A1",NA,NA,NA,2024-04-30 16:13:38,NA,NA,NA
"3DE.00009FB7A4",NA,NA,NA,2024-04-30 10:48:44,NA,NA,NA
